playlist a,playlist b,common tracks, unique tracks
"beverly_hills_barbenheimer","💅🏻💥_barbenheimer_💥💅🏻_KatyaSaldana",0,176
"beverly_hills_barbenheimer","barbenheimer💅💣_Aobambi",0,61
"beverly_hills_barbenheimer","barbenheimer_Marianna",0,137
"beverly_hills_barbenheimer","summer_of_barbenheimer",0,115
"beverly_hills_barbenheimer","barbenheimer_Dee&FromZimbabwe",1,54
"beverly_hills_barbenheimer","barbenheimerrr💕💥_daisyrain323&others",1,219
"beverly_hills_barbenheimer","barbenheimer_satiahatami",1,119
"beverly_hills_barbenheimer","barbenheimer_jsobo",0,259
"beverly_hills_barbenheimer","barbenheimer_Vanessasapinheiro&RennieKeller",0,197
"beverly_hills_barbenheimer","barbenheimer_JessicaKoebelMillen",1,138
"beverly_hills_barbenheimer","barbenheimer_MrMario",0,113
"beverly_hills_barbenheimer","barbenheimer_hoe_down",0,148
"beverly_hills_barbenheimer","barbenheimer_cody",0,57
"beverly_hills_barbenheimer","barbenheimer_Sam Telford",0,106
"💅🏻💥_barbenheimer_💥💅🏻_KatyaSaldana","barbenheimer💅💣_Aobambi",6,149
"💅🏻💥_barbenheimer_💥💅🏻_KatyaSaldana","barbenheimer_Marianna",4,229
"💅🏻💥_barbenheimer_💥💅🏻_KatyaSaldana","summer_of_barbenheimer",1,213
"💅🏻💥_barbenheimer_💥💅🏻_KatyaSaldana","barbenheimer_Dee&FromZimbabwe",0,156
"💅🏻💥_barbenheimer_💥💅🏻_KatyaSaldana","barbenheimerrr💕💥_daisyrain323&others",4,313
"💅🏻💥_barbenheimer_💥💅🏻_KatyaSaldana","barbenheimer_satiahatami",1,219
"💅🏻💥_barbenheimer_💥💅🏻_KatyaSaldana","barbenheimer_jsobo",1,357
"💅🏻💥_barbenheimer_💥💅🏻_KatyaSaldana","barbenheimer_Vanessasapinheiro&RennieKeller",8,281
"💅🏻💥_barbenheimer_💥💅🏻_KatyaSaldana","barbenheimer_JessicaKoebelMillen",8,224
"💅🏻💥_barbenheimer_💥💅🏻_KatyaSaldana","barbenheimer_MrMario",0,213
"💅🏻💥_barbenheimer_💥💅🏻_KatyaSaldana","barbenheimer_hoe_down",1,246
"💅🏻💥_barbenheimer_💥💅🏻_KatyaSaldana","barbenheimer_cody",4,149
"💅🏻💥_barbenheimer_💥💅🏻_KatyaSaldana","barbenheimer_Sam Telford",17,172
"barbenheimer💅💣_Aobambi","barbenheimer_Marianna",0,122
"barbenheimer💅💣_Aobambi","summer_of_barbenheimer",1,98
"barbenheimer💅💣_Aobambi","barbenheimer_Dee&FromZimbabwe",0,41
"barbenheimer💅💣_Aobambi","barbenheimerrr💕💥_daisyrain323&others",2,202
"barbenheimer💅💣_Aobambi","barbenheimer_satiahatami",2,102
"barbenheimer💅💣_Aobambi","barbenheimer_jsobo",1,242
"barbenheimer💅💣_Aobambi","barbenheimer_Vanessasapinheiro&RennieKeller",0,182
"barbenheimer💅💣_Aobambi","barbenheimer_JessicaKoebelMillen",3,119
"barbenheimer💅💣_Aobambi","barbenheimer_MrMario",0,98
"barbenheimer💅💣_Aobambi","barbenheimer_hoe_down",1,131
"barbenheimer💅💣_Aobambi","barbenheimer_cody",0,42
"barbenheimer💅💣_Aobambi","barbenheimer_Sam Telford",3,85
"barbenheimer_Marianna","summer_of_barbenheimer",0,176
"barbenheimer_Marianna","barbenheimer_Dee&FromZimbabwe",2,113
"barbenheimer_Marianna","barbenheimerrr💕💥_daisyrain323&others",5,272
"barbenheimer_Marianna","barbenheimer_satiahatami",2,178
"barbenheimer_Marianna","barbenheimer_jsobo",3,314
"barbenheimer_Marianna","barbenheimer_Vanessasapinheiro&RennieKeller",2,254
"barbenheimer_Marianna","barbenheimer_JessicaKoebelMillen",4,193
"barbenheimer_Marianna","barbenheimer_MrMario",0,174
"barbenheimer_Marianna","barbenheimer_hoe_down",1,207
"barbenheimer_Marianna","barbenheimer_cody",1,116
"barbenheimer_Marianna","barbenheimer_Sam Telford",2,163
"summer_of_barbenheimer","barbenheimer_Dee&FromZimbabwe",0,95
"summer_of_barbenheimer","barbenheimerrr💕💥_daisyrain323&others",2,256
"summer_of_barbenheimer","barbenheimer_satiahatami",5,150
"summer_of_barbenheimer","barbenheimer_jsobo",2,294
"summer_of_barbenheimer","barbenheimer_Vanessasapinheiro&RennieKeller",3,230
"summer_of_barbenheimer","barbenheimer_JessicaKoebelMillen",2,175
"summer_of_barbenheimer","barbenheimer_MrMario",0,152
"summer_of_barbenheimer","barbenheimer_hoe_down",1,185
"summer_of_barbenheimer","barbenheimer_cody",0,96
"summer_of_barbenheimer","barbenheimer_Sam Telford",1,143
"barbenheimer_Dee&FromZimbabwe","barbenheimerrr💕💥_daisyrain323&others",2,197
"barbenheimer_Dee&FromZimbabwe","barbenheimer_satiahatami",2,97
"barbenheimer_Dee&FromZimbabwe","barbenheimer_jsobo",0,239
"barbenheimer_Dee&FromZimbabwe","barbenheimer_Vanessasapinheiro&RennieKeller",3,171
"barbenheimer_Dee&FromZimbabwe","barbenheimer_JessicaKoebelMillen",8,104
"barbenheimer_Dee&FromZimbabwe","barbenheimer_MrMario",0,93
"barbenheimer_Dee&FromZimbabwe","barbenheimer_hoe_down",0,128
"barbenheimer_Dee&FromZimbabwe","barbenheimer_cody",0,37
"barbenheimer_Dee&FromZimbabwe","barbenheimer_Sam Telford",0,86
"barbenheimerrr💕💥_daisyrain323&others","barbenheimer_satiahatami",25,216
"barbenheimerrr💕💥_daisyrain323&others","barbenheimer_jsobo",37,330
"barbenheimerrr💕💥_daisyrain323&others","barbenheimer_Vanessasapinheiro&RennieKeller",14,314
"barbenheimerrr💕💥_daisyrain323&others","barbenheimer_JessicaKoebelMillen",14,257
"barbenheimerrr💕💥_daisyrain323&others","barbenheimer_MrMario",1,256
"barbenheimerrr💕💥_daisyrain323&others","barbenheimer_hoe_down",12,269
"barbenheimerrr💕💥_daisyrain323&others","barbenheimer_cody",4,194
"barbenheimerrr💕💥_daisyrain323&others","barbenheimer_Sam Telford",5,241
"barbenheimer_satiahatami","barbenheimer_jsobo",23,258
"barbenheimer_satiahatami","barbenheimer_Vanessasapinheiro&RennieKeller",8,226
"barbenheimer_satiahatami","barbenheimer_JessicaKoebelMillen",6,173
"barbenheimer_satiahatami","barbenheimer_MrMario",1,156
"barbenheimer_satiahatami","barbenheimer_hoe_down",8,177
"barbenheimer_satiahatami","barbenheimer_cody",1,100
"barbenheimer_satiahatami","barbenheimer_Sam Telford",1,149
"barbenheimer_jsobo","barbenheimer_Vanessasapinheiro&RennieKeller",2,376
"barbenheimer_jsobo","barbenheimer_JessicaKoebelMillen",2,319
"barbenheimer_jsobo","barbenheimer_MrMario",1,294
"barbenheimer_jsobo","barbenheimer_hoe_down",7,317
"barbenheimer_jsobo","barbenheimer_cody",1,238
"barbenheimer_jsobo","barbenheimer_Sam Telford",5,279
"barbenheimer_Vanessasapinheiro&RennieKeller","barbenheimer_JessicaKoebelMillen",15,231
"barbenheimer_Vanessasapinheiro&RennieKeller","barbenheimer_MrMario",1,232
"barbenheimer_Vanessasapinheiro&RennieKeller","barbenheimer_hoe_down",0,269
"barbenheimer_Vanessasapinheiro&RennieKeller","barbenheimer_cody",1,176
"barbenheimer_Vanessasapinheiro&RennieKeller","barbenheimer_Sam Telford",1,225
"barbenheimer_JessicaKoebelMillen","barbenheimer_MrMario",1,175
"barbenheimer_JessicaKoebelMillen","barbenheimer_hoe_down",2,208
"barbenheimer_JessicaKoebelMillen","barbenheimer_cody",3,115
"barbenheimer_JessicaKoebelMillen","barbenheimer_Sam Telford",7,156
"barbenheimer_MrMario","barbenheimer_hoe_down",1,183
"barbenheimer_MrMario","barbenheimer_cody",0,94
"barbenheimer_MrMario","barbenheimer_Sam Telford",0,143
"barbenheimer_hoe_down","barbenheimer_cody",0,129
"barbenheimer_hoe_down","barbenheimer_Sam Telford",4,170
"barbenheimer_cody","barbenheimer_Sam Telford",3,81
