Track ID,Track Name,Album Name,Artist Name(s),Release Date,Duration (ms),Popularity,Added By,Added At,Genres,Record Label,Danceability,Energy,Key,Loudness,Mode,Speechiness,Acousticness,Instrumentalness,Liveness,Valence,Tempo,Time Signature
spotify:track:1vYXt7VSjH9JIM5oRRo7vA,Dance The Night - From Barbie The Album,Dance The Night (From Barbie The Album),Dua Lipa,5/25/23,176579,80,aangyqghivmtbjzhyfsxwz5re,2023-05-27T00:02:59Z,pop,Atlantic Records,0.671,0.845,11,-4.93,0,0.048,0.0207,0,0.329,0.775,110.056,4
spotify:track:2RSOzvKUnfDDrb2nQPfpQU,Barbie Girl,Aquarium,Aqua,1/1/97,197773,1,aangyqghivmtbjzhyfsxwz5re,2022-02-12T22:21:39Z,"europop,eurodance",Geffen*,0.81,0.957,1,-6.049,0,0.0364,0.0165,0.284,0.248,0.962,129.985,4
spotify:track:6IbnUaczZBT34DhaD6S18F,Bubblegum Bitch,Electra Heart (Deluxe),MARINA,4/27/12,154666,80,aangyqghivmtbjzhyfsxwz5re,2022-02-12T22:10:52Z,,Atlantic Records UK,0.495,0.856,0,-5.123,0,0.0311,0.000219,0,0.103,0.609,158.024,4
spotify:track:4y1LsJpmMti1PfRQV9AWWe,Girls Just Want to Have Fun,She's So Unusual,Cyndi Lauper,10/14/83,238120,82,aangyqghivmtbjzhyfsxwz5re,2022-02-12T22:20:25Z,,Portrait,0.71,0.799,6,-4.897,1,0.0328,0.22,0.000602,0.349,0.725,120.372,4
spotify:track:1Je1IMUlBXcx1Fz0WE7oPT,Wannabe,Spice,Spice Girls,1/1/96,173026,82,aangyqghivmtbjzhyfsxwz5re,2022-02-12T22:20:29Z,,Virgin Records,0.768,0.864,11,-6.149,1,0.0324,0.101,0,0.162,0.891,110.009,4
spotify:track:35mvY5S1H3J2QZyna3TFe0,positions,Positions,Ariana Grande,10/30/20,172324,79,aangyqghivmtbjzhyfsxwz5re,2022-02-12T22:09:32Z,pop,Republic Records,0.737,0.802,0,-4.771,1,0.0878,0.468,0,0.0931,0.682,144.015,4
spotify:track:748mdHapucXQri7IAO8yFK,Kiss Me More (feat. SZA),Kiss Me More (feat. SZA),Doja Cat;SZA,4/9/21,208866,6,aangyqghivmtbjzhyfsxwz5re,2022-02-12T22:21:09Z,r&b,Kemosabe Records/RCA Records,0.762,0.701,8,-3.541,1,0.0286,0.235,0.000158,0.123,0.742,110.968,4
spotify:track:4j2W1eM03mz5MVN5LvR7VH,These Boots Are Made for Walkin',Full Metal Jacket (Original Motion Picture Soundtrack),Nancy Sinatra,8/4/87,162866,54,aangyqghivmtbjzhyfsxwz5re,2022-02-12T22:10:02Z,,Warner Records,0.718,0.323,9,-15.533,1,0.0601,0.562,0.0000011,0.0827,0.463,82.719,4
spotify:track:22sLuJYcvZOSoLLRYev1s5,Material Girl,Celebration (double disc version),Madonna,9/18/09,240280,67,aangyqghivmtbjzhyfsxwz5re,2022-02-12T22:20:21Z,,Warner Records,0.742,0.883,0,-3.419,1,0.0329,0.335,0.00000751,0.0964,0.978,136.506,4
spotify:track:7B2MV8I8oA8EU9blzoeAgh,Can't Pin Me Down,Froot,MARINA,3/13/15,205680,35,aangyqghivmtbjzhyfsxwz5re,2022-02-12T22:11:32Z,,Neon Gold / Elektra,0.639,0.686,9,-6.877,1,0.0757,0.158,0,0.187,0.665,110.029,4
spotify:track:2afQfyEKTMRlHDUsnKwDo8,This Is What Makes Us Girls,Born To Die (Bonus Track Version),Lana Del Rey,1/30/12,238373,41,aangyqghivmtbjzhyfsxwz5re,2022-02-12T22:12:16Z,,Polydor Records,0.531,0.829,2,-6.889,0,0.108,0.107,0.0175,0.197,0.417,137.965,4
spotify:track:70VukjWPu4TR2xQSRaEwlL,MANiCURE,ARTPOP,Lady Gaga,11/11/13,199786,55,aangyqghivmtbjzhyfsxwz5re,2022-02-12T22:16:32Z,"art pop,pop",Interscope,0.667,0.912,6,-3.218,0,0.044,0.00154,0.00000124,0.792,0.867,138.08,4
spotify:track:4QdX6pmNnJ5cleufWQIr5D,Shut Up And Drive,Good Girl Gone Bad,Rihanna,1/1/07,212280,70,aangyqghivmtbjzhyfsxwz5re,2022-02-12T22:22:21Z,,Def Jam Recordings,0.734,0.826,1,-4.909,1,0.0349,0.00101,0.129,0.197,0.74,132.96,4
spotify:track:21pySLskKIKrhDziCX5ojQ,When I Grow Up,Doll Domination (Deluxe),The Pussycat Dolls,9/23/08,245680,73,aangyqghivmtbjzhyfsxwz5re,2022-02-12T22:22:14Z,,Pussycat Dolls LP2 / Timbaland,0.672,0.685,11,-5.762,0,0.0499,0.00165,0,0.398,0.367,118.45,4
spotify:track:0jmHObvVIbWJse3OoE4Jmz,Kids In America,Clueless / Original Motion Picture Soundtrack,The Muffs,1/1/95,198400,0,aangyqghivmtbjzhyfsxwz5re,2022-02-15T14:34:20Z,"riot grrrl,power pop",Capitol Records,0.35,0.827,1,-6.692,1,0.0678,0.00815,0.000125,0.1,0.475,165.04,4
spotify:track:63y6xWR4gXz7bnUGOk8iI6,Into You,Dangerous Woman,Ariana Grande,5/20/16,244453,77,aangyqghivmtbjzhyfsxwz5re,2022-02-12T22:21:45Z,pop,Universal Records,0.623,0.734,9,-5.948,1,0.107,0.0162,0.00000175,0.145,0.37,107.853,4
spotify:track:3BxWKCI06eQ5Od8TY2JBeA,Buttons,PCD,The Pussycat Dolls,1/1/05,225560,71,aangyqghivmtbjzhyfsxwz5re,2022-02-12T22:23:21Z,,Pussycat Dolls,0.569,0.821,2,-4.38,1,0.267,0.178,0,0.289,0.408,210.857,4
spotify:track:5ww65ORP2faNi9ygUjxwId,Money Honey,The Fame,Lady Gaga,1/1/08,170293,55,aangyqghivmtbjzhyfsxwz5re,2022-02-12T22:16:01Z,"art pop,pop",Interscope,0.775,0.754,1,-3.226,1,0.0469,0.0129,0.000301,0.0775,0.84,119.006,4
spotify:track:4wH4dJgrsxONID6KS2tDQM,Maneater,Loose,Nelly Furtado,1/1/06,258893,85,aangyqghivmtbjzhyfsxwz5re,2022-02-12T22:20:58Z,,Mosley / Geffen,0.796,0.778,6,-4.81,1,0.0397,0.0258,0.000386,0.121,0.789,132.724,4
spotify:track:1Oi2zpmL81Q0yScF1zxaC0,"Bills, Bills, Bills",The Writing's On The Wall,Destiny's Child,7/27/99,256026,70,aangyqghivmtbjzhyfsxwz5re,2022-02-15T14:38:04Z,,Columbia,0.845,0.576,11,-5.15,0,0.153,0.139,0,0.0764,0.461,127.641,4
spotify:track:1KGi9sZVMeszgZOWivFpxs,No Scrubs,Fanmail,TLC,2/23/99,214400,84,aangyqghivmtbjzhyfsxwz5re,2022-02-12T22:22:39Z,,Arista/LaFace Records,0.743,0.675,8,-4.267,0,0.0953,0.0251,0.000717,0.0685,0.59,92.909,4
spotify:track:6AOdKVvWB8Ulb3lGCnyPBY,Teenage Dream,Teenage Dream,Katy Perry,1/1/10,227741,39,aangyqghivmtbjzhyfsxwz5re,2022-02-12T22:14:48Z,pop,Capitol Records,0.719,0.798,10,-4.582,1,0.0361,0.0162,0.00000234,0.134,0.591,120.012,4
spotify:track:3fVnlF4pGqWI9flVENcT28,Wildest Dreams,1989,Taylor Swift,1/1/14,220440,76,aangyqghivmtbjzhyfsxwz5re,2022-02-12T22:22:34Z,,Taylor Swift,0.553,0.664,8,-7.417,1,0.0741,0.0709,0.0056,0.106,0.467,140.06,4
spotify:track:2Kerz9H9IejzeIpjhDJoYG,Love,Lust For Life,Lana Del Rey,7/21/17,272742,69,aangyqghivmtbjzhyfsxwz5re,2022-02-12T22:13:14Z,,Polydor Records,0.527,0.366,10,-10.943,1,0.0277,0.487,0.0023,0.11,0.234,98.994,4
spotify:track:2i9q8CteBmpslOJeQdMGqA,Slumber Party (feat. Tinashe),Glory (Deluxe Version),Britney Spears;Tinashe,8/26/16,213534,0,aangyqghivmtbjzhyfsxwz5re,2022-02-15T14:34:01Z,"pop,alternative r&b",RCA Records Label,0.752,0.784,0,-4.941,1,0.0754,0.322,0,0.11,0.464,135.039,4
spotify:track:7g3htkaLz4ETFn0cifwM3y,High By The Beach,Honeymoon,Lana Del Rey,9/18/15,257573,69,aangyqghivmtbjzhyfsxwz5re,2022-02-12T22:13:02Z,,Polydor Records,0.536,0.486,11,-11.067,0,0.0346,0.244,0.00788,0.12,0.0968,131.988,4
spotify:track:5B8N5rPOmTVVGpuBMK2Vby,Teen Idle,Electra Heart (Deluxe),MARINA,4/27/12,254400,66,aangyqghivmtbjzhyfsxwz5re,2022-02-12T22:11:12Z,,Atlantic Records UK,0.571,0.651,5,-6.26,1,0.0349,0.242,0,0.0938,0.374,121.202,4
spotify:track:56JyMaElW79S7TDWh1Zw1m,On A Roll,On A Roll,Ashley O,6/14/19,154447,50,aangyqghivmtbjzhyfsxwz5re,2022-02-15T14:39:36Z,,RCA Records Label,0.736,0.81,5,-6.354,1,0.0906,0.077,0,0.0523,0.387,125.011,4
spotify:track:2OoLIJNxpsNs9wIHqWQrED,Donatella,ARTPOP,Lady Gaga,11/11/13,264960,58,aangyqghivmtbjzhyfsxwz5re,2022-02-12T22:16:37Z,"art pop,pop",Interscope,0.694,0.815,9,-4.919,0,0.228,0.0119,0,0.425,0.68,124.975,4
spotify:track:6cIV1mZX0yyDozyZtyGJru,The Night Is Still Young,The Pinkprint (Deluxe Edition),Nicki Minaj,12/15/14,227560,49,aangyqghivmtbjzhyfsxwz5re,2022-02-15T14:29:25Z,,Nicki Minaj/Cash Money,0.658,0.692,1,-6.145,0,0.0555,0.00212,0.00333,0.128,0.69,127.982,4
spotify:track:6ocbgoVGwYJhOv1GgI9NsF,7 rings,"thank u, next",Ariana Grande,2/8/19,178626,85,aangyqghivmtbjzhyfsxwz5re,2022-02-12T22:23:18Z,pop,Republic Records,0.777,0.317,1,-10.732,0,0.308,0.591,0,0.0881,0.33,139.848,4
spotify:track:39qcvV4f0uqDMHxIkSb7tE,Rich Girl,Love Angel Music Baby,Gwen Stefani;Eve,10/27/04,236213,0,aangyqghivmtbjzhyfsxwz5re,2022-07-05T17:50:00Z,,Interscope,0.855,0.747,7,-2.713,0,0.0424,0.0276,0.0000345,0.182,0.76,98.018,4
spotify:track:3FTyr2M2y5D2jjOStBGutn,If You Can Afford Me,One Of The Boys,Katy Perry,6/17/08,198346,34,aangyqghivmtbjzhyfsxwz5re,2022-02-12T22:14:37Z,pop,Capitol Records,0.617,0.888,6,-3.191,1,0.0951,0.0109,0,0.228,0.857,149.967,4
spotify:track:4pMyfWdA0eo3JY5RqMotbw,Perfect Day,Perfect Day Single,Hoku,1/19/05,208613,59,aangyqghivmtbjzhyfsxwz5re,2022-02-12T22:14:05Z,,Audio Bee,0.543,0.871,8,-12.565,1,0.0536,0.00441,0.0000012,0.0699,0.784,154.528,4
spotify:track:4lHaUgqumnhiqLPwoG4MND,Supermodel,Clueless / Original Motion Picture Soundtrack,Jill Sobule,1/1/95,187533,45,aangyqghivmtbjzhyfsxwz5re,2022-02-15T14:34:24Z,,Capitol Records,0.524,0.799,7,-7.808,1,0.0362,0.0000169,0.00436,0.249,0.55,115.197,4
spotify:track:4a9tbd947vo9K8Vti9JwcI,Boy With Luv (feat. Halsey),MAP OF THE SOUL : PERSONA,BTS;Halsey,4/12/19,229773,78,aangyqghivmtbjzhyfsxwz5re,2022-07-05T19:21:32Z,k-pop,BIGHIT MUSIC,0.645,0.862,11,-4.761,0,0.0845,0.0933,0,0.193,0.803,119.947,4
spotify:track:701iSKFpdAOybLQ91OUCQa,God Help The Girl,God Help The Girl (Original Soundtrack),Emily Browning;Stuart Murdoch;Belle and Sebastian,7/20/20,194226,35,aangyqghivmtbjzhyfsxwz5re,2023-04-04T20:38:55Z,baroque pop,Milan Records,0.522,0.811,11,-4.819,1,0.0502,0.309,0,0.111,0.82,150.608,4
spotify:track:5Q5DLo7yqqHG0pGEc2P6Vh,THAT THING YOU DO!,Introducing...Mike Viola(Japan Best),The Wonders,1/22/20,170106,8,aangyqghivmtbjzhyfsxwz5re,2022-07-05T18:05:26Z,,Sony Music Labels Inc.,0.592,0.899,9,-2.933,1,0.0459,0.044,0.00000234,0.0929,0.958,134.481,4
spotify:track:5hK2Ks25jW6aMmUAHpAN3F,"Falling for Ya - From ""Teen Beach Movie""/Soundtrack Version",Teen Beach Movie,Grace Phipps,1/1/13,192800,66,aangyqghivmtbjzhyfsxwz5re,2022-07-05T18:04:27Z,,Walt Disney Records,0.8,0.882,11,-4.436,0,0.0419,0.0216,0.503,0.0247,0.964,129.94,4
spotify:track:1AJ5F0FMTC3yFU3ocjy1gE,Surfer Girl - Remastered 2001,Surfer Girl (Remastered),The Beach Boys,9/16/63,148533,52,aangyqghivmtbjzhyfsxwz5re,2023-04-04T20:31:55Z,baroque pop,Capitol Records,0.522,0.372,2,-8.364,1,0.0253,0.659,0,0.142,0.652,105.826,3
spotify:track:4T5SR1krNuVLOnxSjYb8nW,"Fun, Fun, Fun",50 Big Ones: Greatest Hits,The Beach Boys,1/1/12,136760,52,aangyqghivmtbjzhyfsxwz5re,2023-04-04T16:52:00Z,baroque pop,Capitol Records,0.52,0.701,3,-8.953,1,0.0345,0.222,0,0.107,0.965,154.177,4
spotify:track:6H3Wa6hWR9DRMzMSd4pZkT,Make Your Own Kind Of Music,Mama's Big Ones,Cass Elliot,9/28/73,139533,70,aangyqghivmtbjzhyfsxwz5re,2023-05-28T13:39:48Z,,Geffen,0.53,0.562,4,-13.018,1,0.0409,0.613,0.00000137,0.257,0.697,121.081,4
spotify:track:754kgU5rWscRTfvlsuEwFp,Kiss Me,Sixpence None The Richer,Sixpence None The Richer,11/22/97,208680,85,aangyqghivmtbjzhyfsxwz5re,2022-07-05T18:04:14Z,,Curb | Word,0.526,0.749,3,-6.964,1,0.0283,0.023,0.00000176,0.0692,0.421,99.982,4
spotify:track:215JYyyUnrJ98NK3KEwu6d,Soak Up The Sun,"C'Mon, C'Mon",Sheryl Crow,4/8/02,292306,65,aangyqghivmtbjzhyfsxwz5re,2022-07-05T17:52:40Z,,A&M,0.717,0.732,4,-4.985,1,0.0426,0.0394,0,0.136,0.708,119.996,4
spotify:track:1uigwk5hNV84zRd5YQQRTk,Pocketful of Sunshine,Pocketful Of Sunshine,Natasha Bedingfield,4/27/07,202906,82,aangyqghivmtbjzhyfsxwz5re,2022-07-05T17:53:01Z,,Epic/Phonogenic,0.721,0.88,9,-3.896,0,0.0454,0.191,0,0.0769,0.655,110.021,4
spotify:track:0FS7B5o3QyvOD8eWjnbLoO,Run Away With Me,Emotion (Deluxe Expanded Edition),Carly Rae Jepsen,8/21/15,251327,16,aangyqghivmtbjzhyfsxwz5re,2022-07-05T18:05:12Z,,Silent Records IGA,0.561,0.7,1,-6.284,1,0.0491,0.0168,0.0000543,0.0592,0.298,119.015,4
spotify:track:2eAAEa8pxKF7My0EO4rFgR,Blow Your Mind (Mwah),Dua Lipa (Deluxe),Dua Lipa,6/2/17,178583,67,aangyqghivmtbjzhyfsxwz5re,2022-02-15T14:30:05Z,pop,Warner Records,0.654,0.796,2,-4.761,0,0.122,0.0188,0,0.0948,0.491,108.854,4
spotify:track:4TsmezEQVSZNNPv5RJ65Ov,Pon de Replay,Music Of The Sun,Rihanna,8/29/05,246960,81,aangyqghivmtbjzhyfsxwz5re,2022-07-05T17:50:56Z,,Def Jam Recordings,0.779,0.64,7,-8.415,1,0.159,0.000155,0.000766,0.101,0.499,99.017,4
spotify:track:129NQr4tA6j60b59rflcTY,Boys Boys Boys,The Fame,Lady Gaga,1/1/08,200813,52,aangyqghivmtbjzhyfsxwz5re,2022-02-12T22:15:55Z,"art pop,pop",Interscope,0.723,0.66,9,-5.069,1,0.0402,0.0145,0,0.0996,0.82,122.99,4
spotify:track:2hHLbkatPwOOmrNxTiD41L,I Really Like You,Emotion (Deluxe Expanded Edition),Carly Rae Jepsen,8/21/15,204763,23,aangyqghivmtbjzhyfsxwz5re,2022-07-05T18:05:29Z,,Silent Records IGA,0.62,0.805,5,-5.538,1,0.0417,0.00564,0.0000915,0.285,0.586,122.062,4
spotify:track:6m22NntKIuBJkD2Qmh58P9,Mannequin,One Of The Boys,Katy Perry,6/17/08,197013,35,aangyqghivmtbjzhyfsxwz5re,2022-02-12T22:14:33Z,pop,Capitol Records,0.571,0.836,0,-4.507,1,0.0811,0.0193,0,0.46,0.628,138.941,4
spotify:track:7ijMo6K6uLdgJqGdj9H7nG,Drama Queen (That Girl) - Original Version,Confessions Of A Teenage Drama Queen,Lindsay Lohan,1/1/04,209093,45,aangyqghivmtbjzhyfsxwz5re,2022-07-05T17:52:30Z,,Hollywood Records,0.654,0.828,2,-5.22,1,0.0463,0.00103,0.00839,0.0938,0.898,129.989,4
spotify:track:0gMpKudmJ2ljDVAdIe9DmR,Mary Jane Holland,ARTPOP,Lady Gaga,11/11/13,277800,53,aangyqghivmtbjzhyfsxwz5re,2022-02-12T22:16:44Z,"art pop,pop",Interscope,0.481,0.967,4,-4.586,0,0.243,0.0156,0,0.356,0.205,102.043,4
spotify:track:6naxalmIoLFWR0siv8dnQQ,Oops!...I Did It Again,Oops!... I Did It Again,Britney Spears,5/16/00,211160,83,aangyqghivmtbjzhyfsxwz5re,2022-02-13T17:23:08Z,pop,Jive,0.751,0.834,1,-5.444,0,0.0437,0.3,0.0000177,0.355,0.894,95.053,4
spotify:track:7jr3iPu4O4bTCVwLMbdU2i,Kiss and Make Up,Dua Lipa (Complete Edition),Dua Lipa;BLACKPINK,10/19/18,189173,72,aangyqghivmtbjzhyfsxwz5re,2022-02-15T14:30:33Z,"pop,k-pop",Warner Records,0.678,0.729,8,-4.188,1,0.137,0.0658,0,0.303,0.643,99.895,4
spotify:track:4sOX1nhpKwFWPvoMMExi3q,Primadonna,Electra Heart (Deluxe),MARINA,4/27/12,221075,81,aangyqghivmtbjzhyfsxwz5re,2022-02-12T22:10:57Z,,Atlantic Records UK,0.66,0.689,4,-2.671,0,0.0337,0.0884,0,0.0922,0.427,127.98,4
spotify:track:3MjUtNVVq3C8Fn0MP3zhXa,...Baby One More Time,...Baby One More Time (Digital Deluxe Version),Britney Spears,1/12/99,211066,84,aangyqghivmtbjzhyfsxwz5re,2022-02-13T17:22:59Z,pop,Jive,0.759,0.699,0,-5.745,0,0.0307,0.202,0.000131,0.443,0.907,92.96,4
spotify:track:6V1nOgkrGmr6Wx1x4RQ6Bc,Upgrade U (feat. JAY-Z),B'Day,Beyoncé;JAŸ-Z,9/4/06,272706,61,aangyqghivmtbjzhyfsxwz5re,2022-02-13T17:23:02Z,"hip hop,east coast hip hop,rap",Sony Urban Music/Columbia,0.474,0.683,7,-5.585,1,0.397,0.00161,0.000123,0.309,0.509,169.51,4
spotify:track:1gZ7i4qxXkHZb1r6eioaAP,Don't Cha,PCD,The Pussycat Dolls;Busta Rhymes,1/1/05,272080,69,aangyqghivmtbjzhyfsxwz5re,2022-02-13T17:22:47Z,east coast hip hop,Pussycat Dolls,0.88,0.637,1,-3.493,1,0.0893,0.0051,0.00000237,0.0959,0.568,119.979,4
spotify:track:1Y4ZdPOOgCUhBcKZOrUFiS,Lip Gloss,Lip Gloss (Main Version),Lil Mama,3/6/07,219773,63,aangyqghivmtbjzhyfsxwz5re,2022-02-13T17:22:43Z,,Jive,0.619,0.87,2,-4.956,1,0.501,0.41,0.00000137,0.0571,0.94,188.772,4
spotify:track:3KliPMvk1EvFZu9cvkj8p1,Work Bitch,Britney Jean (Deluxe Version),Britney Spears,11/30/13,247960,70,aangyqghivmtbjzhyfsxwz5re,2022-02-15T14:33:09Z,pop,RCA Records Label,0.629,0.824,9,-6.53,1,0.159,0.155,0.000628,0.0651,0.852,128.01,4
spotify:track:2ekn2ttSfGqwhhate0LSR0,New Rules,Dua Lipa (Deluxe),Dua Lipa,6/2/17,209320,82,aangyqghivmtbjzhyfsxwz5re,2022-02-15T14:30:13Z,pop,Warner Records,0.762,0.7,9,-6.021,0,0.0694,0.00261,0.0000156,0.153,0.608,116.073,4
spotify:track:7bZsx7Zif6FIhrcZrh0LVm,What You Waiting For?,Love. Angel. Music. Baby. (Deluxe Version),Gwen Stefani,11/12/04,221226,65,aangyqghivmtbjzhyfsxwz5re,2022-02-15T14:38:13Z,,Interscope,0.676,0.948,5,-2.557,1,0.0632,0.0501,0.00000891,0.384,0.728,136.027,4
spotify:track:02XnQdf7sipaKBBHixz3Zp,Paparazzi,The Fame,Lady Gaga,1/1/08,208306,81,aangyqghivmtbjzhyfsxwz5re,2022-02-15T14:37:37Z,"art pop,pop",Streamline/Interscope,0.762,0.692,5,-3.973,0,0.0437,0.112,0,0.094,0.397,114.903,4
spotify:track:3IcIIZMMS7UArJJPtEHXG8,Obsessed,Memoirs of an imperfect Angel,Mariah Carey,9/29/09,242200,74,aangyqghivmtbjzhyfsxwz5re,2022-02-12T22:23:05Z,christmas,Def Jam Recordings,0.742,0.467,10,-5.557,0,0.0624,0.0458,0,0.826,0.366,86.442,4
spotify:track:2TTYIwTM2iLC1YOyHuhRMt,Lucky,Oops!... I Did It Again,Britney Spears,5/16/00,206226,73,aangyqghivmtbjzhyfsxwz5re,2022-02-15T14:32:00Z,pop,Jive,0.765,0.791,8,-5.707,1,0.0317,0.262,0.000154,0.0669,0.966,95.026,4
spotify:track:3O7p9Itz8PXUoAjD2vmuM6,Beautiful People Beautiful Problems (feat. Stevie Nicks),Lust For Life,Lana Del Rey;Stevie Nicks,7/21/17,253531,60,aangyqghivmtbjzhyfsxwz5re,2022-02-12T22:13:24Z,,Polydor Records,0.509,0.43,5,-8.387,1,0.0325,0.834,0.000854,0.0927,0.128,122.919,4
spotify:track:554PnB96IltLzVlbinBstw,Hey Girl,Joanne (Deluxe),Lady Gaga;Florence Welch,10/21/16,255413,53,aangyqghivmtbjzhyfsxwz5re,2022-02-12T22:17:00Z,"art pop,pop",Interscope,0.754,0.451,10,-7.882,1,0.038,0.0562,0.0000065,0.0688,0.621,138.036,4
spotify:track:2QjOHCTQ1Jl3zawyYOpxh6,Sweater Weather,I Love You.,The Neighbourhood,4/22/13,240400,92,aangyqghivmtbjzhyfsxwz5re,2022-02-12T22:23:53Z,,Columbia,0.612,0.807,10,-2.81,1,0.0336,0.0495,0.0177,0.101,0.398,124.053,4
spotify:track:1eITtzus2JnKxxvIJmtHmZ,Tongue Tied (Glee Cast Version),"Glee: The Music, The Complete Season Three",Glee Cast,8/28/12,219786,35,aangyqghivmtbjzhyfsxwz5re,2022-07-05T18:05:33Z,christmas,Columbia,0.52,0.849,3,-5.447,1,0.0394,0.00667,0,0.102,0.446,112.934,4
spotify:track:3TcL0dyCMyr0kyTTc4NLgI,Who Says,When The Sun Goes Down,Selena Gomez & The Scene,1/1/11,195613,73,aangyqghivmtbjzhyfsxwz5re,2022-02-15T14:36:11Z,,Hollywood Records,0.682,0.927,4,-2.915,1,0.0479,0.0843,0,0.149,0.744,101.019,4
spotify:track:7Ms58r8G6Y0r1XLtpwoGxN,Money Power Glory,Ultraviolence (Deluxe),Lana Del Rey,1/1/14,270680,65,aangyqghivmtbjzhyfsxwz5re,2022-02-12T22:12:42Z,,Polydor Records,0.349,0.525,8,-6.829,0,0.0451,0.583,0,0.35,0.288,136.762,5
spotify:track:3yCzLH2lQ8KknpvsqNCo35,California Gurls,Teenage Dream,Katy Perry;Snoop Dogg,1/1/10,234653,37,aangyqghivmtbjzhyfsxwz5re,2022-02-12T22:14:52Z,"pop,g-funk,west coast hip hop,gangster rap,old school hip hop,hip hop,rap",Capitol Records,0.789,0.753,0,-3.71,1,0.0537,0.0038,0,0.18,0.403,125.007,4
spotify:track:2I5tTeFL69KZCiO0YYoql7,Fashion!,ARTPOP,Lady Gaga,11/11/13,239853,55,aangyqghivmtbjzhyfsxwz5re,2022-02-12T22:16:41Z,"art pop,pop",Interscope,0.606,0.8,4,-4.737,0,0.0488,0.00282,0,0.118,0.508,116.991,4
spotify:track:66ZcOcouenzZEnzTJvoFmH,The Sweet Escape,The Sweet Escape,Gwen Stefani;Akon,1/1/06,246466,78,aangyqghivmtbjzhyfsxwz5re,2022-02-13T17:22:55Z,,Interscope,0.756,0.769,1,-3.502,1,0.0344,0.191,0,0.178,0.73,119.961,4
spotify:track:1DSJNBNhGZCigg9ll5VeZv,(You Drive Me) Crazy,...Baby One More Time (Digital Deluxe Version),Britney Spears,1/12/99,198066,69,aangyqghivmtbjzhyfsxwz5re,2022-02-15T14:31:37Z,pop,Jive,0.748,0.939,0,-4.288,0,0.0341,0.0534,0,0.32,0.96,104.001,4
spotify:track:4fixebDZAVToLbUCuEloa2,Womanizer,Circus (Deluxe Version),Britney Spears,12/2/08,224034,81,aangyqghivmtbjzhyfsxwz5re,2022-02-15T14:32:43Z,pop,Jive,0.724,0.695,11,-5.226,1,0.0622,0.073,0,0.0889,0.235,139,4
spotify:track:3DXXKDbbZKyAZfNb96ST3q,Confident,Confident,Demi Lovato,1/1/15,205745,73,aangyqghivmtbjzhyfsxwz5re,2022-02-15T14:34:39Z,,Hollywood Records,0.594,0.749,3,-6.251,1,0.0677,0.00188,0.000139,0.0869,0.344,130.064,4
spotify:track:0F2HPooQ20wUQxOOued2JV,That's My Girl,7/27 (Deluxe),Fifth Harmony,5/27/16,204018,52,aangyqghivmtbjzhyfsxwz5re,2022-02-15T14:34:43Z,,Syco Music/Epic,0.598,0.851,5,-4.245,0,0.12,0.0355,0.0000281,0.365,0.612,202.046,4
spotify:track:3RauEVgRgj1IuWdJ9fDs70,The Man,Lover,Taylor Swift,8/23/19,190360,77,aangyqghivmtbjzhyfsxwz5re,2022-02-15T14:34:59Z,,Taylor Swift,0.777,0.658,0,-5.191,1,0.054,0.0767,0,0.0901,0.633,110.048,4
spotify:track:0rIAC4PXANcKmitJfoqmVm,Motivation,Motivation,Normani,8/16/19,193837,65,aangyqghivmtbjzhyfsxwz5re,2022-02-15T14:35:03Z,,Keep Cool/RCA Records,0.599,0.887,4,-3.967,1,0.0984,0.0192,0.00000121,0.3,0.881,170.918,4
spotify:track:6jyXQ8HGI7ikECGA0670uo,Fabulous,High School Musical 2 (Original Soundtrack),Sharpay Evans;Lucas Grabeel;Disney,1/1/07,180693,60,aangyqghivmtbjzhyfsxwz5re,2022-02-15T14:35:07Z,,Walt Disney Records,0.827,0.761,8,-5.185,1,0.138,0.233,0,0.0453,0.703,131.996,4
spotify:track:3uwnnTQcHM1rDqSfA4gQNz,Cool for the Summer,Confident,Demi Lovato,1/1/15,214739,82,aangyqghivmtbjzhyfsxwz5re,2022-02-15T14:35:17Z,,Hollywood Records,0.583,0.61,5,-5.639,0,0.0382,0.00425,0.000105,0.14,0.336,114.06,4
spotify:track:1u8c2t2Cy7UBoG4ArRcF5g,Blank Space,1989 (Deluxe),Taylor Swift,1/1/14,231826,84,aangyqghivmtbjzhyfsxwz5re,2022-02-15T14:35:22Z,,Taylor Swift,0.76,0.703,5,-5.412,1,0.054,0.103,0,0.0913,0.57,95.997,4
spotify:track:0ErK6K0kYr0Ow2RkPMhmMs,Shout Out to My Ex,Glory Days (Expanded Edition),Little Mix,11/18/16,246240,70,aangyqghivmtbjzhyfsxwz5re,2022-02-15T14:35:32Z,,Syco Music,0.773,0.747,5,-4.061,1,0.0885,0.0242,0.00000899,0.109,0.801,126.014,4
spotify:track:5JZpQuRIX8MTiKwuELjTlx,"Independent Women, Pt. 1 - Pasadena Remix",The Writing's On The Wall,Destiny's Child,9/7/99,221293,61,aangyqghivmtbjzhyfsxwz5re,2022-02-15T14:35:42Z,,Columbia,0.521,0.552,6,-5.628,0,0.327,0.317,0.0000225,0.381,0.936,97.535,4
spotify:track:1bmtVglfmSQWfKjgPyERJ8,Move,Salute (Expanded Edition),Little Mix,11/11/13,224333,56,aangyqghivmtbjzhyfsxwz5re,2022-02-15T14:36:18Z,,Syco Music,0.85,0.741,6,-4.572,0,0.092,0.00441,0.00000316,0.549,0.766,121.17,4
spotify:track:10GJQkjRJcZhGTLagFOC62,Most Girls,Most Girls,Hailee Steinfeld,4/28/17,204400,66,aangyqghivmtbjzhyfsxwz5re,2022-02-15T14:36:27Z,,Universal Records,0.756,0.572,9,-7.019,1,0.0763,0.0478,0,0.0853,0.417,102.986,4
spotify:track:0M9VqYG0wVun054JIdwFO8,La La Land,Don't Forget,Demi Lovato,1/1/08,196466,59,aangyqghivmtbjzhyfsxwz5re,2022-02-15T14:36:30Z,,Hollywood Records,0.467,0.919,6,-2.255,0,0.069,0.0149,0,0.0193,0.706,169.987,4
spotify:track:66ZGWDCrtkGmItj5UsKpFR,Lovefool,Romeo & Juliet Soundtrack,The Cardigans,1/1/07,198613,0,aangyqghivmtbjzhyfsxwz5re,2022-02-15T14:36:34Z,swedish pop,Capitol Records,0.643,0.572,9,-8.278,1,0.0283,0.0572,0.00000165,0.13,0.943,111.792,4
spotify:track:71PmZqBXH0RUETqxpwlV0w,Style,1989,Taylor Swift,1/1/14,231000,57,aangyqghivmtbjzhyfsxwz5re,2022-02-15T14:36:54Z,,Taylor Swift,0.598,0.786,2,-5.572,1,0.0382,0.00256,0.00143,0.117,0.456,95.021,4
spotify:track:7aLT0tLcS40Penaplqu2cZ,Greedy,Dangerous Woman,Ariana Grande,4/1/16,214906,68,aangyqghivmtbjzhyfsxwz5re,2022-02-15T14:37:42Z,pop,Universal Records,0.619,0.705,1,-5.335,1,0.099,0.0323,0,0.0919,0.844,109.975,4
spotify:track:4caiYv89C9GZdDD1RzshWd,It's Raining Men - Single Version,Dance Hits - 80s & 90s,The Weather Girls,4/29/08,211533,47,aangyqghivmtbjzhyfsxwz5re,2022-02-15T14:38:19Z,,SBCMG,0.66,0.927,5,-5.867,0,0.156,0.461,0.0000573,0.699,0.458,136.247,4
spotify:track:1cdzfFjEbUbgTm5nv3FgXR,Focus,Focus,Ariana Grande,10/30/15,211360,67,aangyqghivmtbjzhyfsxwz5re,2022-02-15T14:38:38Z,pop,Universal Records,0.671,0.876,6,-6.034,1,0.239,0.266,0,0.444,0.8,100.016,4
spotify:track:1V2D7PiT2PNKSx5UHhsZ4g,One Girl Revolution,Legally Blonde (Soundtrack),Superchick,1/1/01,175693,0,aangyqghivmtbjzhyfsxwz5re,2022-02-15T14:39:06Z,"christian rock,christian alternative rock,christian,ccm",A&M,0.653,0.813,5,-5.641,1,0.0351,0.0309,0.0000889,0.0891,0.634,138.022,4
spotify:track:2EvwLVrnYbCZEG6Kx5DCRy,Piece of Me,Blackout,Britney Spears,10/25/07,212106,68,aangyqghivmtbjzhyfsxwz5re,2022-02-15T14:39:17Z,pop,Jive,0.769,0.638,11,-5.054,1,0.216,0.0902,0,0.0857,0.782,115.007,4
spotify:track:0qAIiGFKLdV1xpNlEhjpq8,New Romantics,1989 (Deluxe),Taylor Swift,1/1/14,230466,64,aangyqghivmtbjzhyfsxwz5re,2022-02-15T14:39:22Z,,Taylor Swift,0.633,0.889,5,-5.87,1,0.0715,0.00463,0.000458,0.0658,0.584,121.956,4
spotify:track:41Fflg7qHiVOD6dEPvsCzO,Worth It (feat. Kid Ink),Reflection (Deluxe),Fifth Harmony;Kid Ink,1/30/15,224573,78,aangyqghivmtbjzhyfsxwz5re,2022-02-15T14:39:30Z,,Syco Music/Epic,0.884,0.765,8,-3.865,1,0.0882,0.063,0.00000704,0.118,0.594,99.987,4
spotify:track:2rPE9A1vEgShuZxxzR2tZH,"thank u, next","thank u, next",Ariana Grande,11/3/18,207333,25,aangyqghivmtbjzhyfsxwz5re,2022-02-15T14:39:42Z,pop,Universal Records,0.724,0.647,1,-5.642,1,0.0658,0.28,0,0.102,0.435,106.96,4
spotify:track:1OakwmqlAsweeecdYGqkXO,I Don't Need A Man,PCD (Revised International Version),The Pussycat Dolls,1/1/05,219093,0,aangyqghivmtbjzhyfsxwz5re,2022-02-15T14:39:58Z,,Universal Music Group,0.77,0.954,10,-3.898,1,0.0436,0.048,0.000053,0.0691,0.743,105.838,4
spotify:track:1COvXs6jaykXC73h9OSBVM,BO$$,Reflection (Deluxe),Fifth Harmony,1/30/15,171415,59,aangyqghivmtbjzhyfsxwz5re,2022-02-15T14:40:11Z,,Syco Music/Epic,0.813,0.872,9,-5.224,1,0.107,0.00621,0,0.0498,0.736,103.016,4
spotify:track:2av1BBGdN9DW1u7rvoRhMM,Omigod You Guys,Legally Blonde The Musical (Original Broadway Cast Recording),Annaleigh Ashford;Delta Nus;Dequina Moore;Laura Bell Bundy;Leslie Kritzer,7/16/07,346813,56,aangyqghivmtbjzhyfsxwz5re,2022-02-15T14:43:39Z,musicals,Ghostlight Records,0.57,0.481,7,-9.741,1,0.645,0.497,0,0.425,0.622,159.939,4
spotify:track:5Wwz1ZqA6jPly8h8s4hJ9M,I Must Not Chase the Boys,Replay,Play,6/10/03,196173,32,aangyqghivmtbjzhyfsxwz5re,2022-02-19T01:16:42Z,bubblegum pop,Columbia/Legacy,0.752,0.679,0,-4.377,0,0.0405,0.317,0.00000536,0.176,0.64,119.963,4
spotify:track:5IVuqXILoxVWvWEPm82Jxr,Crazy In Love (feat. JAY-Z),Dangerously In Love,Beyoncé;JAŸ-Z,6/24/03,236133,79,aangyqghivmtbjzhyfsxwz5re,2022-07-05T17:50:06Z,"hip hop,east coast hip hop,rap",Columbia,0.646,0.77,2,-6.596,0,0.226,0.00249,0,0.0715,0.681,99.165,4
spotify:track:4WY3HyGXsWqjFRCVD6gnTe,Baby Boy (feat. Sean Paul),Dangerously In Love,Beyoncé;Sean Paul,6/24/03,244826,69,aangyqghivmtbjzhyfsxwz5re,2022-07-05T17:50:45Z,dancehall,Columbia,0.655,0.488,1,-9.17,1,0.22,0.0825,0.00000116,0.221,0.791,91.025,4
spotify:track:4RLTvoObapQSV9fyjhWB29,"Jumpin', Jumpin'","Jumpin', Jumpin'",Destiny's Child,7/4/00,227600,32,aangyqghivmtbjzhyfsxwz5re,2022-07-05T17:50:49Z,,Columbia,0.761,0.689,1,-4.503,1,0.0601,0.00515,0.00168,0.0358,0.718,88.99,4
spotify:track:47aQT2aV12TyilaoYi1NiD,Promiscuous,Loose,Nelly Furtado;Timbaland,1/1/06,242200,1,aangyqghivmtbjzhyfsxwz5re,2022-07-05T17:51:14Z,,Mosley / Geffen,0.795,0.978,10,-6.097,0,0.0459,0.046,0.0000829,0.143,0.843,114.321,4
spotify:track:5AtFypwxB2ShXSxNj12dEd,Say It Right,Loose,Nelly Furtado,1/1/06,223080,0,aangyqghivmtbjzhyfsxwz5re,2022-07-05T17:51:21Z,,Mosley / Geffen,0.871,0.869,1,-6.308,1,0.139,0.0409,0.00111,0.053,0.834,116.95,4
spotify:track:50xeLNGKmskmYUSINhqvfa,Clumsy,The Dutchess,Fergie,9/13/06,240426,67,aangyqghivmtbjzhyfsxwz5re,2022-07-05T17:51:26Z,,Will I Am / Fergie LP1,0.731,0.563,2,-4.046,1,0.131,0.191,0.000423,0.296,0.452,184.004,4
spotify:track:4KTtYhxFtFL7mBwnjkKfLm,Glamorous,The Dutchess,Fergie;Ludacris,9/13/06,246573,72,aangyqghivmtbjzhyfsxwz5re,2022-07-05T17:51:30Z,southern hip hop,Will I Am / Fergie LP1,0.81,0.755,0,-6.408,1,0.199,0.291,0,0.0857,0.625,130.991,4
spotify:track:3xrn9i8zhNZsTtcoWgQEAd,Since U Been Gone,Breakaway,Kelly Clarkson,1/17/04,188960,77,aangyqghivmtbjzhyfsxwz5re,2022-07-05T17:51:40Z,christmas,RCA Records Label,0.662,0.741,0,-5.406,1,0.0334,0.00165,0.0303,0.114,0.404,131,4
spotify:track:1D1nixOVWOxvNfWi0UD7VX,Unwritten,Unwritten,Natasha Bedingfield,9/6/04,259333,5,aangyqghivmtbjzhyfsxwz5re,2022-07-05T17:51:44Z,,Phonogenic,0.706,0.8,5,-6.333,1,0.0399,0.00584,0,0.0822,0.629,100.011,4
spotify:track:1eOHw1k2AoluG4VyjBHLzX,Everytime We Touch,Everytime We Touch,Cascada,2/21/06,196466,2,aangyqghivmtbjzhyfsxwz5re,2022-07-05T17:51:54Z,"europop,eurodance",Robbins Entertainment LLC,0.635,0.974,8,-5.373,1,0.052,0.00474,0.0000156,0.41,0.495,142.049,4
spotify:track:06iMqWThw4w8fTFyccvOwr,Ride Wit Me,Country Grammar,Nelly;City Spud,6/27/00,291781,1,aangyqghivmtbjzhyfsxwz5re,2022-07-05T17:52:02Z,country hip hop,Universal/Island Def Jam,0.854,0.692,7,-6.625,1,0.0479,0.0668,0,0.247,0.753,101.865,4
spotify:track:4w1lzcaoZ1IC2K5TwjalRP,A Thousand Miles,Be Not Nobody,Vanessa Carlton,4/30/02,237493,80,aangyqghivmtbjzhyfsxwz5re,2022-07-05T17:52:18Z,,A&M,0.56,0.825,11,-3.862,1,0.0379,0.323,0,0.161,0.268,94.931,4
spotify:track:1JURww012QnWAw0zZXi6Aa,Just the Girl,Greetings From Imrie House (U.S. Version),The Click Five,8/8/05,234146,63,aangyqghivmtbjzhyfsxwz5re,2022-07-05T17:52:36Z,,Lava,0.571,0.89,9,-1.6,1,0.0395,0.00509,0,0.0769,0.751,110.958,4
spotify:track:2lnzGkdtDj5mtlcOW2yRtG,"Whenever, Wherever",Laundry Service,Shakira,11/13/01,196160,77,aangyqghivmtbjzhyfsxwz5re,2022-07-05T17:53:26Z,latin pop,Epic,0.794,0.832,1,-4.862,0,0.0407,0.237,0.0000114,0.203,0.871,107.657,4
spotify:track:45hOioMDJktr86iKDHC8gr,Girlfriend,The Best Damn Thing (Expanded Edition),Avril Lavigne,4/17/07,216600,79,aangyqghivmtbjzhyfsxwz5re,2022-07-05T17:53:33Z,,RCA Records Label,0.56,0.959,7,-2.433,1,0.102,0.000722,0.000221,0.209,0.669,163.983,4
spotify:track:7kMfu3KUydmrFVGEAhjtyl,Good Girls Go Bad (feat. Leighton Meester),Hot Mess,Cobra Starship;Leighton Meester,8/7/09,196413,67,aangyqghivmtbjzhyfsxwz5re,2022-07-05T17:53:38Z,,Decaydance/Fueled By Ramen,0.594,0.874,0,-3.716,1,0.0815,0.0116,0,0.549,0.628,119.964,4
spotify:track:6e9sI2locopZ5p5ij1VAUF,Independent Women Part I,Survivor,Destiny's Child,1/1/01,221626,42,aangyqghivmtbjzhyfsxwz5re,2022-07-05T17:53:46Z,,Columbia,0.517,0.598,6,-3.751,0,0.263,0.388,0.00000222,0.183,0.922,96.933,4
spotify:track:6pymOcrCnMuCWdgGVTvUgP,3,The Singles Collection,Britney Spears,11/9/09,213173,61,aangyqghivmtbjzhyfsxwz5re,2022-07-05T17:53:50Z,pop,Jive,0.697,0.709,5,-1.917,0,0.0455,0.0452,0,0.138,0.787,134.91,4
spotify:track:5hyq3LBlCfjRQAFkdQwe8o,Vroom Vroom,Vroom Vroom EP,Charli xcx,2/26/16,193270,69,aangyqghivmtbjzhyfsxwz5re,2023-06-19T14:00:51Z,"hyperpop,art pop",Vroom Vroom Recordings,0.836,0.684,11,-5.818,1,0.241,0.122,0,0.0854,0.514,151.007,4
spotify:track:5qGwqO0lkbBXw4xNfzT7SF,Spice Up Your Life,Spiceworld,Spice Girls,1/1/97,173666,66,aangyqghivmtbjzhyfsxwz5re,2022-07-05T17:57:20Z,,Virgin Records,0.555,0.993,1,-5.067,1,0.0462,0.0106,0.0318,0.403,0.683,124.018,4
spotify:track:7jk7gqyEonmVVYahZN5zhW,Circus,Circus (Deluxe Version),Britney Spears,12/2/08,192359,79,aangyqghivmtbjzhyfsxwz5re,2022-07-05T18:00:32Z,pop,Jive,0.791,0.733,6,-5.215,0,0.052,0.147,0.000381,0.0713,0.761,114.98,4
spotify:track:2hdy9Wt9qp7M7d0U3ossu2,If U Seek Amy,Circus (Deluxe Version),Britney Spears,12/2/08,216519,74,aangyqghivmtbjzhyfsxwz5re,2022-07-05T18:00:34Z,pop,Jive,0.717,0.587,4,-7.296,0,0.0339,0.0192,0,0.0523,0.544,129.954,4
spotify:track:2z4U9d5OAA4YLNXoCgioxo,What the Hell,Goodbye Lullaby (Expanded Edition),Avril Lavigne,3/8/11,220706,76,aangyqghivmtbjzhyfsxwz5re,2022-07-05T18:00:37Z,,Epic,0.578,0.926,6,-3.689,0,0.0548,0.00472,0.0127,0.14,0.877,149.976,4
spotify:track:4SJk6TTl5yJztAt54npyIz,Supermodel,The Lizzie McGuire Movie (Original Motion Picture Soundtrack),Taylor Dayne,6/4/21,225440,36,aangyqghivmtbjzhyfsxwz5re,2022-07-05T18:01:34Z,,Walt Disney Records,0.807,0.947,6,-3.723,0,0.178,0.00733,0,0.651,0.685,126.157,4
spotify:track:7J1S5n6Kn4wZEu6xrBT0gk,What Dreams Are Made Of,The Lizzie McGuire Movie (Original Motion Picture Soundtrack),Hilary Duff,6/4/21,242160,66,aangyqghivmtbjzhyfsxwz5re,2022-07-05T18:01:40Z,,Walt Disney Records,0.62,0.915,0,-4.353,0,0.0525,0.0131,0.0000217,0.329,0.793,127.011,4
spotify:track:4sKnb1PmYW1BPd5zPe2Scb,Why Not,The Lizzie McGuire Movie (Original Motion Picture Soundtrack),Hilary Duff,6/4/21,178866,41,aangyqghivmtbjzhyfsxwz5re,2022-07-05T18:01:49Z,,Walt Disney Records,0.512,0.884,4,-3.347,1,0.0543,0.0612,0,0.115,0.517,112.79,4
spotify:track:0u2WK3uXPabQ3AU9AHEIhK,The Tide Is High - Radio Mix,The Lizzie McGuire Movie (Original Motion Picture Soundtrack),Atomic Kitten,6/4/21,202133,0,aangyqghivmtbjzhyfsxwz5re,2022-07-05T18:01:55Z,,Walt Disney Records,0.759,0.619,7,-5.059,1,0.033,0.034,0.00139,0.0552,0.686,104.033,4
spotify:track:1wyGEpp2qB6dEJAhC3KV6W,Connected,Aquamarine-Music From The Motion Picture,Sara Paxton,2003,226066,36,aangyqghivmtbjzhyfsxwz5re,2022-07-05T18:02:10Z,,Epic,0.517,0.922,0,-2.534,1,0.0719,0.155,0,0.183,0.4,133.234,4
spotify:track:1HHIQnuGmzh8tkCvmmhtch,One And Only,Aquamarine-Music From The Motion Picture,Teitur,2003,172426,0,aangyqghivmtbjzhyfsxwz5re,2022-07-05T18:02:14Z,,Epic,0.653,0.328,8,-11.209,1,0.0252,0.876,0.000472,0.114,0.34,102.955,3
spotify:track:3CUE3RGXMP6gz1Y4kqw07S,Can't Behave,Aquamarine-Music From The Motion Picture,Courtney Jaye,2003,213240,0,aangyqghivmtbjzhyfsxwz5re,2022-07-05T18:02:18Z,,Epic,0.669,0.707,4,-4.33,1,0.0345,0.201,0,0.0769,0.831,125.218,4
spotify:track:1y9rAUARS46CzeSTo0rjA1,Summertime Guys,Aquamarine-Music From The Motion Picture,Nikki Cleary,2003,185573,24,aangyqghivmtbjzhyfsxwz5re,2022-07-05T18:02:22Z,,Epic,0.632,0.986,7,-2.59,1,0.0534,0.0195,0,0.11,0.832,109,4
spotify:track:59CLe8stbcx4XYBWdsfbwK,One Way Or Another,Parallel Lines,Blondie,9/23/78,217364,73,aangyqghivmtbjzhyfsxwz5re,2022-07-05T18:02:42Z,,Chrysalis\EMI Records (USA),0.442,0.921,2,-5.086,1,0.0655,0.0532,0.00000389,0.0767,0.855,162.267,4
spotify:track:4DTrKnvkHtwQN6kBu4XXIF,She's So Gone,Lemonade Mouth,Naomi Scott,1/1/11,186453,66,aangyqghivmtbjzhyfsxwz5re,2022-07-05T18:03:06Z,,Walt Disney Records,0.518,0.861,11,-4.002,1,0.0673,0.0277,0.00000142,0.249,0.457,141.986,4
spotify:track:2nMeu6UenVvwUktBCpLMK9,Young And Beautiful,Young And Beautiful,Lana Del Rey,1/1/13,236053,89,aangyqghivmtbjzhyfsxwz5re,2022-07-05T18:03:11Z,,Polydor Records,0.324,0.416,11,-8.92,0,0.0368,0.262,0.0000369,0.11,0.151,113.986,4
spotify:track:5NlFXQ0si6U87gXs6hq81B,Candy,Take The Crown (Deluxe Edition),Robbie Williams,11/5/12,201053,68,aangyqghivmtbjzhyfsxwz5re,2022-07-05T18:03:33Z,,Farrell Music Ltd,0.715,0.791,10,-6.63,1,0.0414,0.0368,0,0.0694,0.879,116.043,4
spotify:track:39LLxExYz6ewLAcYrzQQyP,Levitating,Future Nostalgia,Dua Lipa,3/27/20,203807,80,aangyqghivmtbjzhyfsxwz5re,2022-07-05T18:03:39Z,pop,Warner Records,0.695,0.884,6,-2.278,0,0.0753,0.0561,0,0.213,0.914,103.014,4
spotify:track:6q2fVOtgwrKTM7ETDVIgXu,Bad Girls (Gigamesh Remix),Charlie's Angels (Original Motion Picture Soundtrack),Donna Summer;Gigamesh,11/1/19,320986,37,aangyqghivmtbjzhyfsxwz5re,2022-07-05T18:03:49Z,"disco,hi-nrg,nu disco,french house,indie dance",Silver Cloud/Charlie's Angels,0.789,0.804,7,-4.756,1,0.0677,0.0447,0.0017,0.145,0.837,123.938,4
spotify:track:263aNAQCeFSWipk896byo6,Friday I'm in Love,Wish,The Cure,4/21/92,214400,72,aangyqghivmtbjzhyfsxwz5re,2022-07-05T18:03:55Z,"new wave,post-punk,gothic rock,darkwave",Elektra Records,0.526,0.762,0,-12.437,0,0.0342,0.000972,0.000116,0.338,0.505,136.203,4
spotify:track:2KukL7UlQ8TdvpaA7bY3ZJ,BREAK MY SOUL,BREAK MY SOUL,Beyoncé,6/21/22,278281,60,aangyqghivmtbjzhyfsxwz5re,2022-07-05T18:04:01Z,,Parkwood Entertainment/Columbia,0.687,0.887,1,-5.04,0,0.0826,0.0575,0.00000221,0.27,0.853,114.941,4
spotify:track:5AKQ1JHezaXDmN5SyMSpEr,Fascination,This Is Alphabeat,Alphabeat,1/1/08,182120,52,aangyqghivmtbjzhyfsxwz5re,2022-07-05T18:04:51Z,"dansk pop,europop",Universal Music A/S,0.495,0.878,6,-3.266,0,0.0361,0.00027,0.0000902,0.07,0.825,193.947,4
spotify:track:5zA8vzDGqPl2AzZkEYQGKh,Uptown Girl,An Innocent Man,Billy Joel,8/8/83,198294,82,aangyqghivmtbjzhyfsxwz5re,2022-07-05T18:04:56Z,soft rock,Columbia,0.701,0.944,4,-2.986,1,0.0455,0.0755,0,0.601,0.792,128.993,4
spotify:track:2tUBqZG2AbRi7Q0BIrVrEj,I Wanna Dance with Somebody (Who Loves Me),Whitney,Whitney Houston,6/2/87,292875,84,aangyqghivmtbjzhyfsxwz5re,2022-07-05T18:05:18Z,,Arista/Legacy,0.709,0.824,1,-8.824,1,0.0453,0.207,0.000307,0.0888,0.867,118.818,4
spotify:track:4ebcE2SmkG7nplvzFAWRu7,What I Like About You,The Romantics,The Romantics,1980,175266,63,aangyqghivmtbjzhyfsxwz5re,2022-07-05T18:05:22Z,power pop,Epic,0.514,0.942,9,-8.433,1,0.0502,0.282,0.000066,0.17,0.912,159.847,4
spotify:track:5rgy6ghBq1eRApCkeUdJXf,We Are Young (feat. Janelle Monáe),Some Nights,fun.;Janelle Monáe,2/14/12,250626,81,aangyqghivmtbjzhyfsxwz5re,2022-07-05T18:05:41Z,alternative r&b,Fueled By Ramen,0.378,0.638,10,-5.576,1,0.075,0.02,0.0000766,0.0849,0.735,184.086,4
spotify:track:2MLHyLy5z5l5YRp7momlgw,Island In The Sun,Weezer,Weezer,5/15/01,200306,82,aangyqghivmtbjzhyfsxwz5re,2022-07-05T18:05:50Z,alternative rock,Geffen,0.654,0.81,4,-6.26,0,0.0288,0.00719,0.00251,0.165,0.661,114.622,4
spotify:track:6KN9atd3DRhmSRWeCSKkkL,Rock Star,Hannah Montana 2 (Original Soundtrack),Hannah Montana,6/26/07,178560,65,aangyqghivmtbjzhyfsxwz5re,2022-07-05T18:07:08Z,,Walt Disney Records,0.483,0.945,2,-3.969,1,0.124,0.00437,0.00000156,0.364,0.625,160.794,4
spotify:track:4pxfRRSEn8EfgZWcN3IgL8,Walking on Sunshine - 2004 Version,Walking on Sunshine (2004 Version),Katrina & The Waves,1/1/04,216000,1,aangyqghivmtbjzhyfsxwz5re,2022-07-05T18:07:28Z,,"Kyboside Limited, a BMG Compny",0.595,0.943,10,-7.255,1,0.0507,0.00111,0.288,0.223,0.961,109.014,4
spotify:track:6YvqWjhGD8mB5QXcbcUKtx,Love Story (Taylor’s Version),Fearless (Taylor's Version),Taylor Swift,4/9/21,235766,76,aangyqghivmtbjzhyfsxwz5re,2022-07-05T18:07:48Z,,Taylor Swift,0.627,0.792,2,-4.311,1,0.031,0.13,0.00000397,0.0845,0.415,119.054,4
spotify:track:5wTVNpi5WDByxBgKgUE6MU,Supermodel,Ctrl,SZA,6/9/17,181109,69,aangyqghivmtbjzhyfsxwz5re,2022-07-06T22:39:28Z,r&b,Top Dawg Entertainment/RCA Records,0.613,0.442,6,-8.874,1,0.288,0.651,0,0.26,0.252,119.737,5
spotify:track:3Dv1eDb0MEgF93GpLXlucZ,Say So,Hot Pink,Doja Cat,11/7/19,237894,77,aangyqghivmtbjzhyfsxwz5re,2022-07-06T22:42:10Z,,Kemosabe Records/RCA Records,0.787,0.673,11,-4.583,0,0.159,0.264,0.00000335,0.0904,0.779,110.962,4
spotify:track:4EivmOT13NMpNSfTKn9p4s,Like That (feat. Gucci Mane),Hot Pink,Doja Cat;Gucci Mane,11/7/19,163167,74,aangyqghivmtbjzhyfsxwz5re,2022-07-06T22:44:52Z,"southern hip hop,rap,trap",Kemosabe Records/RCA Records,0.879,0.498,4,-6.027,0,0.18,0.239,0,0.0967,0.405,106.044,4
spotify:track:1M3XB6EUPUZy58Aqt6zbKr,Woman,Planet Her (Deluxe),Doja Cat,6/27/21,172626,55,aangyqghivmtbjzhyfsxwz5re,2022-07-06T22:48:06Z,,Kemosabe Records/RCA Records,0.824,0.764,5,-4.175,0,0.0854,0.0888,0.00294,0.117,0.881,107.998,4
spotify:track:7ANmgFJ8YDBh0uUOfSeYrX,Cut To The Feeling,EMOTION SIDE B +,Carly Rae Jepsen,9/13/17,207946,49,aangyqghivmtbjzhyfsxwz5re,2022-07-07T01:34:05Z,,Silent Records IGA,0.71,0.909,2,-2.777,1,0.0639,0.0135,0.00123,0.303,0.648,115.001,4
spotify:track:7mnGQesk1TzQLzQ9bYWZPR,She's so High,Tal Bachman,Tal Bachman,2/23/99,224693,73,aangyqghivmtbjzhyfsxwz5re,2022-07-07T01:37:47Z,,Columbia,0.537,0.84,9,-4.626,1,0.0363,0.2,0.00000215,0.0998,0.211,124.269,4
spotify:track:4c6vZqYHFur11FbWATIJ9P,There She Goes,The La's,The La's,1990,162186,73,aangyqghivmtbjzhyfsxwz5re,2022-07-07T01:37:55Z,"britpop,jangle pop",UMC (Universal Music Catalogue),0.533,0.761,7,-10.632,1,0.0298,0.013,0.829,0.207,0.917,122.777,4
spotify:track:7pDmvItMqGAOs3odEzqmar,NOW,NOW,Grace Mitchell,4/7/17,267373,19,aangyqghivmtbjzhyfsxwz5re,2022-07-17T00:27:51Z,,Universal Records,0.532,0.934,6,-5.6,0,0.162,0.0126,0,0.149,0.273,159.91,4
spotify:track:1D066zixBwqFYqBhKgdPzp,Fergalicious,The Dutchess,Fergie;will.i.am,9/13/06,292373,70,aangyqghivmtbjzhyfsxwz5re,2022-11-29T14:32:46Z,,Will I Am / Fergie LP1,0.906,0.583,8,-7.721,0,0.317,0.0569,0,0.126,0.829,129.056,4
spotify:track:3y4BP8XhlsRRmPozY9m9PY,Some Boys,Family Of Love,DoM,1/1/11,133253,8,aangyqghivmtbjzhyfsxwz5re,2022-12-10T18:31:34Z,,Capitol Records,0.5,0.876,0,-4.303,1,0.0337,0.261,0.0000216,0.145,0.849,146.017,4
spotify:track:6J9paEX8rcBYuAIawdnzUj,Heaven Must Be Missing An Angel - Pt. 1,Capitol Gold: The Best Of Tavares,Tavares,6/21/93,393960,46,aangyqghivmtbjzhyfsxwz5re,2023-04-04T20:31:34Z,"disco,philly soul",CM ANGEL (A91),0.617,0.748,9,-9.123,0,0.0357,0.00746,0,0.304,0.969,116.828,4
spotify:track:4M1tFaupigR42VpMwG0nZq,Last Dance - Single Version,Walk Away - Collector's Edition The Best Of 1977-1980,Donna Summer,1/1/80,199800,0,aangyqghivmtbjzhyfsxwz5re,2023-04-04T20:32:02Z,"disco,hi-nrg",Universal Music Group,0.53,0.717,3,-10.304,1,0.0598,0.13,0.000266,0.218,0.231,126.281,4
spotify:track:16jUJ4RsmyQG8z3clJuUaz,Teenage Kicks,The Undertones (30th Anniversary Edition),The Undertones,5/13/79,144960,0,aangyqghivmtbjzhyfsxwz5re,2023-04-04T20:32:13Z,"power pop,punk,proto-punk,new wave",Union Square Music,0.375,0.848,2,-6.818,1,0.0387,0.00000498,0,0.132,0.705,134.926,4
spotify:track:3SnGymj6ijE2iuUfWxLo1q,I'm Coming Out,Diana,Diana Ross,5/22/80,323346,72,aangyqghivmtbjzhyfsxwz5re,2023-04-04T23:00:42Z,"motown,disco",UNI/MOTOWN,0.72,0.828,5,-9.211,1,0.0462,0.185,0.429,0.0839,0.768,110.071,4
spotify:track:1oFiPGBafH9Woo9AMwgBSl,I'm Every Woman,Chaka,Chaka Khan,1978,249600,69,aangyqghivmtbjzhyfsxwz5re,2023-04-04T23:00:50Z,,Rhino/Warner Records,0.603,0.886,0,-7.301,0,0.0465,0.0418,0.000171,0.295,0.727,114.045,4
spotify:track:686qTNEeLgS9rX31Yr5D0y,Cinderella,I5,I5,9/1/00,216933,32,aangyqghivmtbjzhyfsxwz5re,2023-04-12T17:13:04Z,,Giant/Reprise,0.76,0.801,6,-3.394,1,0.0404,0.0534,0,0.022,0.881,102.031,4
spotify:track:1etMAGbKAoB4N7MXQ0rZ5K,Shoes,Shoes,Kelly,1/1/06,167200,31,aangyqghivmtbjzhyfsxwz5re,2023-07-03T16:51:57Z,electroclash,kelly,0.883,0.262,2,-6.419,0,0.0732,0.000274,0.0343,0.0827,0.225,120.003,4
spotify:track:4mogoqwR1t2l7wiT1QurWR,Crazy For Me,What I Didn’t Tell You (Deluxe),Coco Jones,1/20/23,134875,41,aangyqghivmtbjzhyfsxwz5re,2023-07-08T04:50:04Z,,High Standardz/Def Jam,0.81,0.609,8,-6.117,1,0.102,0.162,0,0.159,0.49,85.471,4
spotify:track:6wf7Yu7cxBSPrRlWeSeK0Q,"What Was I Made For? [From The Motion Picture ""Barbie""]","What Was I Made For? [From The Motion Picture ""Barbie""]",Billie Eilish,7/13/23,222369,85,aangyqghivmtbjzhyfsxwz5re,2023-07-19T19:53:03Z,,Darkroom/Interscope Records,0.391,0.084,0,-17.843,1,0.0317,0.953,0,0.0983,0.111,79.449,4
spotify:track:5VxmI3IdgAxWVvUnJoLuY2,Speed Drive (From Barbie The Album),Speed Drive (From Barbie The Album),Charli xcx,6/29/23,117809,67,aangyqghivmtbjzhyfsxwz5re,2023-07-19T20:48:42Z,"hyperpop,art pop",Atlantic Records,0.652,0.879,0,-6.405,1,0.0784,0.00284,0.0896,0.0918,0.789,173.925,4
spotify:track:0kEzNFvi5ZOlwn6ly5DR8i,Boss Bitch,Birds of Prey: The Album,Doja Cat,2/7/20,134239,53,aangyqghivmtbjzhyfsxwz5re,2023-07-19T20:48:59Z,,Atlantic Records,0.707,0.955,10,-4.593,0,0.222,0.127,0,0.202,0.575,125.989,4
spotify:track:5kaF88lat4fWUiDXP6G48M,"Let's Hear It for the Boy - From ""Footloose"" Soundtrack",Footloose (15th Anniversary Collectors' Edition),Deniece Williams,1984,261893,56,aangyqghivmtbjzhyfsxwz5re,2023-07-19T20:49:05Z,,Columbia/Legacy,0.783,0.573,7,-8.521,1,0.0462,0.177,0.000085,0.043,0.789,122.744,4
spotify:track:749HNBEskSdXTKtGYvASFH,Barbie World (with Aqua) [From Barbie The Album],Barbie World (with Aqua) [From Barbie The Album],Nicki Minaj;Ice Spice;Aqua,6/22/23,109750,48,aangyqghivmtbjzhyfsxwz5re,2023-07-19T20:50:03Z,"europop,eurodance",Atlantic Records,0.759,0.579,0,-8.398,1,0.248,0.514,0.0014,0.237,0.736,144.025,4
spotify:track:0CpfO9VNiW0OGIaZO6zO3n,Angel (From Barbie The Album),Angel (From Barbie The Album),PinkPantheress,6/8/23,123821,56,aangyqghivmtbjzhyfsxwz5re,2023-07-19T20:50:54Z,bedroom pop,Atlantic Records,0.676,0.693,2,-6.322,1,0.0548,0.18,0.108,0.194,0.617,115.015,4
spotify:track:6MZi5j60L80SZLBxN0bv8s,WATATI (feat. Aldo Ranks) [From Barbie The Album],WATATI (feat. Aldo Ranks) [From Barbie The Album],KAROL G;Aldo Ranks,6/1/23,166882,58,aangyqghivmtbjzhyfsxwz5re,2023-07-19T20:51:08Z,"reggaeton,latin,urbano latino",Atlantic Records,0.893,0.851,3,-5.342,0,0.0979,0.145,0.0000649,0.319,0.959,110.002,4
spotify:track:7njDhlprmHJ1I9pM0rxMON,Barbie Dreams (feat. Kaliii) [From Barbie The Album],Barbie Dreams (feat. Kaliii) [From Barbie The Album],FIFTY FIFTY;Kaliii,7/6/23,149438,49,aangyqghivmtbjzhyfsxwz5re,2023-07-19T20:51:17Z,k-pop,Atlantic Records,0.72,0.794,6,-2.644,1,0.0862,0.378,0,0.122,0.856,138.089,4
spotify:track:1oLcpJA9TfwwejiEM9C5gi,"Shake It Up - From ""Shake It Up""","Shake It Up (From ""Shake It Up"")",Selena Gomez,1/1/11,180826,47,aangyqghivmtbjzhyfsxwz5re,2023-07-19T21:01:05Z,,Walt Disney Records,0.724,0.782,2,-7.407,0,0.0334,0.0368,0,0.196,0.797,128.01,4
spotify:track:3G9Yl95jGxSQHs9VnyBwKF,Push (From Barbie The Album),Push (From Barbie The Album),Ryan Gosling,7/20/23,203557,45,aangyqghivmtbjzhyfsxwz5re,2023-07-25T17:21:24Z,,Atlantic Records,0.456,0.788,6,-4.57,1,0.032,0.191,0,0.0784,0.459,172.025,4
spotify:track:6N5DRCQUSXT1qQqmqsO92B,Party All the Time,How Could It Be,Eddie Murphy,2/5/85,253293,62,aangyqghivmtbjzhyfsxwz5re,2023-07-26T19:30:48Z,comedy,Legacy Recordings,0.699,0.692,11,-13.045,1,0.0456,0.00979,0.000326,0.0427,0.677,135.03,4
spotify:track:5PDLtrTRNJAZu8dTKEfMff,Party All the Time (Glee Cast Version) (feat. Gwyneth Paltrow),Glee: The Music - Celebrating 100 Episodes,Glee Cast;Gwyneth Paltrow,3/25/14,261466,29,aangyqghivmtbjzhyfsxwz5re,2023-07-26T20:27:14Z,christmas,Columbia,0.681,0.874,10,-4.693,0,0.043,0.00274,0.0000149,0.0585,0.751,136.954,4
spotify:track:5Q0Nhxo0l2bP3pNjpGJwV1,Party In The U.S.A.,The Time Of Our Lives,Miley Cyrus,1/1/09,202066,77,aangyqghivmtbjzhyfsxwz5re,2023-07-26T20:27:31Z,,Hollywood Records,0.652,0.698,10,-4.667,0,0.042,0.00112,0.000115,0.0886,0.47,96.021,4
spotify:track:7bal8JfR3tSB9Qgf7wAGPL,Girl Like Me,Girl Like Me,Dove Cameron,12/9/22,149456,49,aangyqghivmtbjzhyfsxwz5re,2023-07-28T01:14:44Z,,Disruptor Records/Columbia,0.711,0.546,5,-8.134,0,0.0651,0.011,0,0.305,0.484,125.025,4
spotify:track:02jcEwywffn3Tsb48fXmlW,Get the Party Started,M!ssundaztood (Expanded Edition),P!nk,2001,192533,70,aangyqghivmtbjzhyfsxwz5re,2023-07-28T01:14:54Z,,Arista,0.802,0.903,11,-3.267,0,0.046,0.0011,0,0.173,0.96,128.93,4
spotify:track:1YJo9MV0LwlSRCflzzjMHP,Princesses Just Want to Have Fun,The Princess & The Popstar (Original Motion Picture Soundtrack),Barbie;Mattel,8/28/12,89479,41,aangyqghivmtbjzhyfsxwz5re,2023-07-30T20:56:01Z,,Mattel - Arts Music,0.657,0.947,11,-6.456,1,0.0483,0.0000657,0,0.448,0.161,118.969,4
spotify:track:7tbUyF6EKtnB9NmZqToPmr,I'm Lindana and I Wanna Have Fun,Phineas and Ferb,Lindana,1/1/09,51666,38,aangyqghivmtbjzhyfsxwz5re,2023-07-30T20:56:08Z,,Walt Disney Records,0.749,0.855,5,-4.123,1,0.068,0.185,0,0.0504,0.97,145.064,4
spotify:track:4poSHaji31qnJrDj2OVlhy,Ordinary Girl,H20 Soundtrack,Kate Alexa,9/8/07,193613,42,aangyqghivmtbjzhyfsxwz5re,2023-07-30T20:56:22Z,,Bloodlines,0.412,0.923,7,-3.745,1,0.0478,0.0000446,0.00245,0.181,0.388,155.999,4
spotify:track:3zXIvb4nZ3cTdT8CsbTy3U,I'm Just Ken,Barbie The Album,Ryan Gosling,7/21/23,222633,59,aangyqghivmtbjzhyfsxwz5re,2023-08-04T15:23:55Z,,Atlantic Records,0.352,0.628,1,-6.259,1,0.0428,0.0264,0.0000474,0.0952,0.387,140.431,4
spotify:track:7MX0wxRiKE9c7dmiLV3NrX,HOT TO GO!,HOT TO GO!,Chappell Roan,8/11/23,184841,58,aangyqghivmtbjzhyfsxwz5re,2023-08-19T03:37:05Z,,Chappell Roan PS/ Island,0.742,0.757,6,-4.981,1,0.0421,0.0187,0,0.305,0.957,139.982,4
spotify:track:0frKt739Ov9vvKS3JRu5Vi,Perfect Day - Chris Lord Alge Mix,Legally Blonde,Hoku,1/1/01,206666,55,aangyqghivmtbjzhyfsxwz5re,2023-09-01T01:04:40Z,,A&M,0.544,0.918,8,-5.197,1,0.0594,0.0193,0,0.0631,0.774,155.705,4
spotify:track:1iOJQhxKSJ7dg3Dk03yPnl,U + Ur Hand,I'm Not Dead,P!nk,4/4/06,214386,66,aangyqghivmtbjzhyfsxwz5re,2024-01-28T18:03:05Z,,LaFace/Legacy,0.709,0.891,0,-3.688,1,0.0528,0.00144,0,0.034,0.886,141.04,4
spotify:track:2FoSFSX2W1p8ri1Wj1Wavn,Why Did You Do That?,A Star Is Born Soundtrack,Lady Gaga,10/5/18,184960,46,aangyqghivmtbjzhyfsxwz5re,2024-02-21T04:28:51Z,"art pop,pop",A Star is Born OST,0.793,0.548,11,-5.484,0,0.058,0.0304,0.0000108,0.339,0.445,116.008,4
spotify:track:1cncEDS6zwXOguyaMGp6vU,Horses,Surrender,Maggie Rogers,7/29/22,305000,45,aangyqghivmtbjzhyfsxwz5re,2024-03-14T03:16:27Z,,Capitol Records,0.614,0.617,8,-4.23,1,0.0295,0.641,0.000178,0.0648,0.15,105.933,4
spotify:track:77mnUPdjFBDZuBnSLgOEgb,Miracles Happen,Disney Girlz Rock,Myra,1/1/05,302800,51,aangyqghivmtbjzhyfsxwz5re,2024-04-10T07:01:14Z,,Walt Disney Records,0.645,0.888,4,-4.294,1,0.0337,0.305,0,0.273,0.73,111.95,4
spotify:track:5n6l4Q0qiVOQ55B0OvOfVr,What Was I Made For? (Epilogue) - Instrumental Version,Barbie (Score from the Original Motion Picture Soundtrack),Mark Ronson;Andrew Wyatt,8/4/23,92823,56,aangyqghivmtbjzhyfsxwz5re,2024-05-18T07:08:09Z,,WaterTower Music,0.409,0.0235,0,-29.351,1,0.0356,0.99,0.91,0.106,0.213,77.884,4
spotify:track:1v9iJFBaJCxBCdBNdvXeMd,Closer To Fine (From Barbie The Album),Closer To Fine (From Barbie The Album),Brandi Carlile;Catherine Carlile,7/21/23,352687,41,aangyqghivmtbjzhyfsxwz5re,2024-05-31T05:37:58Z,"folk,americana",Atlantic Records,0.387,0.416,9,-10.1,1,0.0321,0.862,0.00000888,0.118,0.256,156.175,4
spotify:track:0AZb6ryK8LsFcvY1jWHO61,"Sunshine, Lollipops And Rainbows",Lesley Gore Sings Of Mixed-Up Hearts,Lesley Gore,11/1/63,96000,59,aangyqghivmtbjzhyfsxwz5re,2024-07-03T19:40:38Z,,Mercury Records,0.675,0.64,7,-8.742,1,0.0544,0.652,0,0.461,0.965,119.7,4
spotify:track:6BsXgrxQViV3PdAjS13uWZ,In Your Room,Everything,The Bangles;Susanna Hoffs,10/18/88,207533,41,aangyqghivmtbjzhyfsxwz5re,2024-07-05T04:35:34Z,"jangle pop,power pop",Columbia,0.612,0.585,5,-11.931,1,0.0337,0.0137,0.0068,0.0635,0.799,149.2,4
spotify:track:1k2pQc5i348DCHwbn5KTdc,Pink Pony Club,The Rise and Fall of a Midwest Princess,Chappell Roan,9/22/23,258034,83,aangyqghivmtbjzhyfsxwz5re,2024-07-12T03:52:15Z,,Chappell Roan PS/ Island,0.61,0.65,6,-6.199,1,0.0474,0.399,0,0.11,0.507,106.719,4
spotify:track:7aGyRfJWtLqgJaZoG9lJhE,Mad at Disney,Mad at Disney,salem ilese,7/24/20,136838,0,aangyqghivmtbjzhyfsxwz5re,2024-08-10T05:31:16Z,,"Homemade Projects, LLC / TenThousand Projects",0.738,0.621,0,-7.313,1,0.0486,0.424,0.00000739,0.692,0.715,113.968,4
spotify:track:4hIY051enSBBJ5fzZUzTSU,How You Love Me Now,Hold On Tight,Hey Monday,10/7/08,197760,48,aangyqghivmtbjzhyfsxwz5re,2024-12-26T05:01:01Z,"pop punk,emo",Decaydance/Columbia,0.393,0.965,5,-2.078,1,0.0734,0.00912,0,0.385,0.37,134.919,4
spotify:track:17xFcSuciJ9O10WqDERQep,Summerboy,The Fame,Lady Gaga,1/1/08,253946,60,aangyqghivmtbjzhyfsxwz5re,2025-02-03T18:54:56Z,"art pop,pop",Streamline/Interscope,0.733,0.77,1,-4.775,0,0.0324,0.00302,0,0.0824,0.686,104.996,4
spotify:track:42VUCXerQ5qTr4Qp6PhKo4,Tears,Man’s Best Friend,Sabrina Carpenter,8/29/25,160183,87,aangyqghivmtbjzhyfsxwz5re,2025-08-30T17:12:43Z,pop,Island Records,0.699,0.876,0,-4.855,1,0.0514,0.0204,0.000105,0.0307,0.485,113.036,4
spotify:track:2RdEC8Ff83WkX7kDVCHseE,party 4 u,how i'm feeling now,Charli xcx,5/15/20,296653,84,aangyqghivmtbjzhyfsxwz5re,2025-09-02T22:39:24Z,"hyperpop,art pop",Atlantic Records UK,0.579,0.522,1,-8.393,1,0.0993,0.761,0.0000141,0.655,0.245,79.453,4
spotify:track:1DwscornXpj8fmOmYVlqZt,Stateside + Zara Larsson,Fancy Some More?,PinkPantheress;Zara Larsson,10/10/25,184761,95,aangyqghivmtbjzhyfsxwz5re,2026-03-05T17:41:27Z,bedroom pop,Warner Records,0.676,0.664,6,-5.919,1,0.0864,0.0725,0.0000565,0.26,0.847,123.455,4