Playlist A, Playlist B, Feature, Cosine Similarity
0,1,Duration (ms),0.84
0,2,Duration (ms),0.62
0,3,Duration (ms),0.90
0,4,Duration (ms),0.63
0,5,Duration (ms),0.89
0,6,Duration (ms),0.91
0,7,Duration (ms),0.59
0,8,Duration (ms),0.80
0,9,Duration (ms),0.46
0,10,Duration (ms),0.69
0,11,Duration (ms),0.80
0,12,Duration (ms),0.91
0,13,Duration (ms),0.77
0,14,Duration (ms),0.90
0,15,Duration (ms),0.82
1,2,Duration (ms),0.57
1,3,Duration (ms),0.85
1,4,Duration (ms),0.69
1,5,Duration (ms),0.76
1,6,Duration (ms),0.91
1,7,Duration (ms),0.55
1,8,Duration (ms),0.88
1,9,Duration (ms),0.51
1,10,Duration (ms),0.76
1,11,Duration (ms),0.86
1,12,Duration (ms),0.79
1,13,Duration (ms),0.68
1,14,Duration (ms),0.79
1,15,Duration (ms),0.69
2,3,Duration (ms),0.59
2,4,Duration (ms),0.41
2,5,Duration (ms),0.69
2,6,Duration (ms),0.59
2,7,Duration (ms),0.91
2,8,Duration (ms),0.55
2,9,Duration (ms),0.30
2,10,Duration (ms),0.44
2,11,Duration (ms),0.50
2,12,Duration (ms),0.69
2,13,Duration (ms),0.79
2,14,Duration (ms),0.66
2,15,Duration (ms),0.75
3,4,Duration (ms),0.64
3,5,Duration (ms),0.85
3,6,Duration (ms),0.91
3,7,Duration (ms),0.58
3,8,Duration (ms),0.80
3,9,Duration (ms),0.46
3,10,Duration (ms),0.70
3,11,Duration (ms),0.81
3,12,Duration (ms),0.87
3,13,Duration (ms),0.74
3,14,Duration (ms),0.87
3,15,Duration (ms),0.78
4,5,Duration (ms),0.58
4,6,Duration (ms),0.68
4,7,Duration (ms),0.40
4,8,Duration (ms),0.72
4,9,Duration (ms),0.71
4,10,Duration (ms),0.85
4,11,Duration (ms),0.77
4,12,Duration (ms),0.59
4,13,Duration (ms),0.50
4,14,Duration (ms),0.59
4,15,Duration (ms),0.53
5,6,Duration (ms),0.83
5,7,Duration (ms),0.69
5,8,Duration (ms),0.74
5,9,Duration (ms),0.42
5,10,Duration (ms),0.63
5,11,Duration (ms),0.73
5,12,Duration (ms),0.95
5,13,Duration (ms),0.84
5,14,Duration (ms),0.95
5,15,Duration (ms),0.89
6,7,Duration (ms),0.58
6,8,Duration (ms),0.86
6,9,Duration (ms),0.50
6,10,Duration (ms),0.75
6,11,Duration (ms),0.86
6,12,Duration (ms),0.85
6,13,Duration (ms),0.72
6,14,Duration (ms),0.84
6,15,Duration (ms),0.76
7,8,Duration (ms),0.54
7,9,Duration (ms),0.30
7,10,Duration (ms),0.43
7,11,Duration (ms),0.48
7,12,Duration (ms),0.67
7,13,Duration (ms),0.77
7,14,Duration (ms),0.64
7,15,Duration (ms),0.74
8,9,Duration (ms),0.53
8,10,Duration (ms),0.80
8,11,Duration (ms),0.89
8,12,Duration (ms),0.75
8,13,Duration (ms),0.66
8,14,Duration (ms),0.74
8,15,Duration (ms),0.68
9,10,Duration (ms),0.62
9,11,Duration (ms),0.56
9,12,Duration (ms),0.43
9,13,Duration (ms),0.37
9,14,Duration (ms),0.43
9,15,Duration (ms),0.39
10,11,Duration (ms),0.85
10,12,Duration (ms),0.65
10,13,Duration (ms),0.55
10,14,Duration (ms),0.64
10,15,Duration (ms),0.58
11,12,Duration (ms),0.74
11,13,Duration (ms),0.63
11,14,Duration (ms),0.73
11,15,Duration (ms),0.67
12,13,Duration (ms),0.83
12,14,Duration (ms),0.97
12,15,Duration (ms),0.88
13,14,Duration (ms),0.82
13,15,Duration (ms),0.91
14,15,Duration (ms),0.88
0,1,Popularity,0.79
0,2,Popularity,0.50
0,3,Popularity,0.86
0,4,Popularity,0.42
0,5,Popularity,0.74
0,6,Popularity,0.81
0,7,Popularity,0.53
0,8,Popularity,0.73
0,9,Popularity,0.34
0,10,Popularity,0.64
0,11,Popularity,0.71
0,12,Popularity,0.81
0,13,Popularity,0.67
0,14,Popularity,0.81
0,15,Popularity,0.66
1,2,Popularity,0.55
1,3,Popularity,0.87
1,4,Popularity,0.50
1,5,Popularity,0.69
1,6,Popularity,0.86
1,7,Popularity,0.57
1,8,Popularity,0.87
1,9,Popularity,0.37
1,10,Popularity,0.75
1,11,Popularity,0.84
1,12,Popularity,0.75
1,13,Popularity,0.67
1,14,Popularity,0.76
1,15,Popularity,0.64
2,3,Popularity,0.57
2,4,Popularity,0.36
2,5,Popularity,0.61
2,6,Popularity,0.51
2,7,Popularity,0.86
2,8,Popularity,0.44
2,9,Popularity,0.28
2,10,Popularity,0.40
2,11,Popularity,0.46
2,12,Popularity,0.57
2,13,Popularity,0.68
2,14,Popularity,0.63
2,15,Popularity,0.66
3,4,Popularity,0.46
3,5,Popularity,0.78
3,6,Popularity,0.88
3,7,Popularity,0.59
3,8,Popularity,0.82
3,9,Popularity,0.38
3,10,Popularity,0.70
3,11,Popularity,0.79
3,12,Popularity,0.85
3,13,Popularity,0.76
3,14,Popularity,0.85
3,15,Popularity,0.73
4,5,Popularity,0.39
4,6,Popularity,0.46
4,7,Popularity,0.33
4,8,Popularity,0.50
4,9,Popularity,0.48
4,10,Popularity,0.64
4,11,Popularity,0.55
4,12,Popularity,0.41
4,13,Popularity,0.36
4,14,Popularity,0.41
4,15,Popularity,0.37
5,6,Popularity,0.73
5,7,Popularity,0.62
5,8,Popularity,0.66
5,9,Popularity,0.34
5,10,Popularity,0.55
5,11,Popularity,0.63
5,12,Popularity,0.84
5,13,Popularity,0.74
5,14,Popularity,0.87
5,15,Popularity,0.73
6,7,Popularity,0.52
6,8,Popularity,0.81
6,9,Popularity,0.37
6,10,Popularity,0.69
6,11,Popularity,0.78
6,12,Popularity,0.79
6,13,Popularity,0.66
6,14,Popularity,0.78
6,15,Popularity,0.64
7,8,Popularity,0.45
7,9,Popularity,0.29
7,10,Popularity,0.42
7,11,Popularity,0.47
7,12,Popularity,0.57
7,13,Popularity,0.74
7,14,Popularity,0.64
7,15,Popularity,0.69
8,9,Popularity,0.36
8,10,Popularity,0.76
8,11,Popularity,0.85
8,12,Popularity,0.71
8,13,Popularity,0.60
8,14,Popularity,0.71
8,15,Popularity,0.58
9,10,Popularity,0.46
9,11,Popularity,0.41
9,12,Popularity,0.35
9,13,Popularity,0.34
9,14,Popularity,0.35
9,15,Popularity,0.33
10,11,Popularity,0.82
10,12,Popularity,0.59
10,13,Popularity,0.52
10,14,Popularity,0.60
10,15,Popularity,0.51
11,12,Popularity,0.68
11,13,Popularity,0.59
11,14,Popularity,0.68
11,15,Popularity,0.58
12,13,Popularity,0.75
12,14,Popularity,0.90
12,15,Popularity,0.73
13,14,Popularity,0.80
13,15,Popularity,0.82
14,15,Popularity,0.79
0,1,Danceability,0.81
0,2,Danceability,0.62
0,3,Danceability,0.90
0,4,Danceability,0.60
0,5,Danceability,0.86
0,6,Danceability,0.89
0,7,Danceability,0.61
0,8,Danceability,0.79
0,9,Danceability,0.45
0,10,Danceability,0.71
0,11,Danceability,0.73
0,12,Danceability,0.88
0,13,Danceability,0.76
0,14,Danceability,0.88
0,15,Danceability,0.80
1,2,Danceability,0.55
1,3,Danceability,0.83
1,4,Danceability,0.66
1,5,Danceability,0.73
1,6,Danceability,0.88
1,7,Danceability,0.54
1,8,Danceability,0.86
1,9,Danceability,0.48
1,10,Danceability,0.77
1,11,Danceability,0.81
1,12,Danceability,0.75
1,13,Danceability,0.66
1,14,Danceability,0.75
1,15,Danceability,0.68
2,3,Danceability,0.58
2,4,Danceability,0.39
2,5,Danceability,0.65
2,6,Danceability,0.57
2,7,Danceability,0.93
2,8,Danceability,0.49
2,9,Danceability,0.29
2,10,Danceability,0.47
2,11,Danceability,0.48
2,12,Danceability,0.68
2,13,Danceability,0.75
2,14,Danceability,0.66
2,15,Danceability,0.73
3,4,Danceability,0.62
3,5,Danceability,0.83
3,6,Danceability,0.92
3,7,Danceability,0.57
3,8,Danceability,0.83
3,9,Danceability,0.46
3,10,Danceability,0.73
3,11,Danceability,0.76
3,12,Danceability,0.84
3,13,Danceability,0.74
3,14,Danceability,0.84
3,15,Danceability,0.77
4,5,Danceability,0.55
4,6,Danceability,0.65
4,7,Danceability,0.38
4,8,Danceability,0.70
4,9,Danceability,0.70
4,10,Danceability,0.83
4,11,Danceability,0.75
4,12,Danceability,0.56
4,13,Danceability,0.49
4,14,Danceability,0.57
4,15,Danceability,0.52
5,6,Danceability,0.82
5,7,Danceability,0.63
5,8,Danceability,0.70
5,9,Danceability,0.41
5,10,Danceability,0.65
5,11,Danceability,0.67
5,12,Danceability,0.94
5,13,Danceability,0.82
5,14,Danceability,0.94
5,15,Danceability,0.87
6,7,Danceability,0.57
6,8,Danceability,0.86
6,9,Danceability,0.48
6,10,Danceability,0.77
6,11,Danceability,0.80
6,12,Danceability,0.84
6,13,Danceability,0.72
6,14,Danceability,0.84
6,15,Danceability,0.76
7,8,Danceability,0.48
7,9,Danceability,0.28
7,10,Danceability,0.46
7,11,Danceability,0.48
7,12,Danceability,0.67
7,13,Danceability,0.74
7,14,Danceability,0.65
7,15,Danceability,0.72
8,9,Danceability,0.51
8,10,Danceability,0.82
8,11,Danceability,0.87
8,12,Danceability,0.73
8,13,Danceability,0.60
8,14,Danceability,0.73
8,15,Danceability,0.63
9,10,Danceability,0.62
9,11,Danceability,0.56
9,12,Danceability,0.42
9,13,Danceability,0.37
9,14,Danceability,0.42
9,15,Danceability,0.39
10,11,Danceability,0.88
10,12,Danceability,0.67
10,13,Danceability,0.58
10,14,Danceability,0.67
10,15,Danceability,0.61
11,12,Danceability,0.68
11,13,Danceability,0.59
11,14,Danceability,0.69
11,15,Danceability,0.62
12,13,Danceability,0.84
12,14,Danceability,0.97
12,15,Danceability,0.88
13,14,Danceability,0.84
13,15,Danceability,0.91
14,15,Danceability,0.87
0,1,Energy,0.78
0,2,Energy,0.63
0,3,Energy,0.90
0,4,Energy,0.61
0,5,Energy,0.86
0,6,Energy,0.89
0,7,Energy,0.63
0,8,Energy,0.81
0,9,Energy,0.45
0,10,Energy,0.72
0,11,Energy,0.72
0,12,Energy,0.91
0,13,Energy,0.78
0,14,Energy,0.91
0,15,Energy,0.81
1,2,Energy,0.54
1,3,Energy,0.80
1,4,Energy,0.65
1,5,Energy,0.68
1,6,Energy,0.84
1,7,Energy,0.53
1,8,Energy,0.86
1,9,Energy,0.47
1,10,Energy,0.75
1,11,Energy,0.77
1,12,Energy,0.71
1,13,Energy,0.63
1,14,Energy,0.71
1,15,Energy,0.67
2,3,Energy,0.56
2,4,Energy,0.41
2,5,Energy,0.60
2,6,Energy,0.57
2,7,Energy,0.90
2,8,Energy,0.50
2,9,Energy,0.29
2,10,Energy,0.45
2,11,Energy,0.43
2,12,Energy,0.64
2,13,Energy,0.74
2,14,Energy,0.67
2,15,Energy,0.75
3,4,Energy,0.62
3,5,Energy,0.80
3,6,Energy,0.91
3,7,Energy,0.57
3,8,Energy,0.81
3,9,Energy,0.46
3,10,Energy,0.73
3,11,Energy,0.73
3,12,Energy,0.85
3,13,Energy,0.74
3,14,Energy,0.85
3,15,Energy,0.76
4,5,Energy,0.54
4,6,Energy,0.65
4,7,Energy,0.42
4,8,Energy,0.71
4,9,Energy,0.72
4,10,Energy,0.84
4,11,Energy,0.74
4,12,Energy,0.57
4,13,Energy,0.50
4,14,Energy,0.57
4,15,Energy,0.53
5,6,Energy,0.80
5,7,Energy,0.60
5,8,Energy,0.71
5,9,Energy,0.40
5,10,Energy,0.63
5,11,Energy,0.63
5,12,Energy,0.92
5,13,Energy,0.77
5,14,Energy,0.92
5,15,Energy,0.83
6,7,Energy,0.56
6,8,Energy,0.86
6,9,Energy,0.48
6,10,Energy,0.77
6,11,Energy,0.77
6,12,Energy,0.85
6,13,Energy,0.72
6,14,Energy,0.84
6,15,Energy,0.76
7,8,Energy,0.50
7,9,Energy,0.30
7,10,Energy,0.46
7,11,Energy,0.43
7,12,Energy,0.64
7,13,Energy,0.73
7,14,Energy,0.68
7,15,Energy,0.76
8,9,Energy,0.53
8,10,Energy,0.82
8,11,Energy,0.85
8,12,Energy,0.75
8,13,Energy,0.65
8,14,Energy,0.74
8,15,Energy,0.67
9,10,Energy,0.64
9,11,Energy,0.56
9,12,Energy,0.42
9,13,Energy,0.36
9,14,Energy,0.42
9,15,Energy,0.39
10,11,Energy,0.86
10,12,Energy,0.66
10,13,Energy,0.56
10,14,Energy,0.66
10,15,Energy,0.59
11,12,Energy,0.66
11,13,Energy,0.54
11,14,Energy,0.67
11,15,Energy,0.58
12,13,Energy,0.82
12,14,Energy,0.97
12,15,Energy,0.86
13,14,Energy,0.83
13,15,Energy,0.89
14,15,Energy,0.89
0,1,Key,0.57
0,2,Key,0.48
0,3,Key,0.67
0,4,Key,0.44
0,5,Key,0.62
0,6,Key,0.61
0,7,Key,0.43
0,8,Key,0.58
0,9,Key,0.33
0,10,Key,0.48
0,11,Key,0.57
0,12,Key,0.63
0,13,Key,0.55
0,14,Key,0.65
0,15,Key,0.59
1,2,Key,0.40
1,3,Key,0.56
1,4,Key,0.44
1,5,Key,0.50
1,6,Key,0.60
1,7,Key,0.37
1,8,Key,0.66
1,9,Key,0.35
1,10,Key,0.51
1,11,Key,0.63
1,12,Key,0.51
1,13,Key,0.40
1,14,Key,0.52
1,15,Key,0.44
2,3,Key,0.45
2,4,Key,0.30
2,5,Key,0.46
2,6,Key,0.41
2,7,Key,0.66
2,8,Key,0.35
2,9,Key,0.22
2,10,Key,0.31
2,11,Key,0.35
2,12,Key,0.43
2,13,Key,0.48
2,14,Key,0.46
2,15,Key,0.49
3,4,Key,0.41
3,5,Key,0.63
3,6,Key,0.64
3,7,Key,0.43
3,8,Key,0.60
3,9,Key,0.33
3,10,Key,0.51
3,11,Key,0.57
3,12,Key,0.56
3,13,Key,0.55
3,14,Key,0.61
3,15,Key,0.57
4,5,Key,0.35
4,6,Key,0.46
4,7,Key,0.27
4,8,Key,0.49
4,9,Key,0.49
4,10,Key,0.59
4,11,Key,0.55
4,12,Key,0.38
4,13,Key,0.34
4,14,Key,0.38
4,15,Key,0.35
5,6,Key,0.57
5,7,Key,0.51
5,8,Key,0.51
5,9,Key,0.31
5,10,Key,0.42
5,11,Key,0.51
5,12,Key,0.60
5,13,Key,0.56
5,14,Key,0.66
5,15,Key,0.63
6,7,Key,0.40
6,8,Key,0.63
6,9,Key,0.34
6,10,Key,0.53
6,11,Key,0.57
6,12,Key,0.57
6,13,Key,0.46
6,14,Key,0.60
6,15,Key,0.53
7,8,Key,0.38
7,9,Key,0.21
7,10,Key,0.31
7,11,Key,0.37
7,12,Key,0.42
7,13,Key,0.43
7,14,Key,0.49
7,15,Key,0.47
8,9,Key,0.37
8,10,Key,0.56
8,11,Key,0.65
8,12,Key,0.51
8,13,Key,0.45
8,14,Key,0.50
8,15,Key,0.46
9,10,Key,0.42
9,11,Key,0.42
9,12,Key,0.30
9,13,Key,0.27
9,14,Key,0.29
9,15,Key,0.28
10,11,Key,0.59
10,12,Key,0.41
10,13,Key,0.37
10,14,Key,0.43
10,15,Key,0.38
11,12,Key,0.50
11,13,Key,0.43
11,14,Key,0.55
11,15,Key,0.47
12,13,Key,0.54
12,14,Key,0.64
12,15,Key,0.57
13,14,Key,0.54
13,15,Key,0.68
14,15,Key,0.59
0,1,Loudness,0.76
0,2,Loudness,0.56
0,3,Loudness,0.81
0,4,Loudness,0.54
0,5,Loudness,0.80
0,6,Loudness,0.83
0,7,Loudness,0.53
0,8,Loudness,0.74
0,9,Loudness,0.38
0,10,Loudness,0.59
0,11,Loudness,0.72
0,12,Loudness,0.82
0,13,Loudness,0.70
0,14,Loudness,0.81
0,15,Loudness,0.74
1,2,Loudness,0.49
1,3,Loudness,0.79
1,4,Loudness,0.59
1,5,Loudness,0.69
1,6,Loudness,0.81
1,7,Loudness,0.45
1,8,Loudness,0.78
1,9,Loudness,0.41
1,10,Loudness,0.65
1,11,Loudness,0.76
1,12,Loudness,0.73
1,13,Loudness,0.60
1,14,Loudness,0.73
1,15,Loudness,0.59
2,3,Loudness,0.52
2,4,Loudness,0.32
2,5,Loudness,0.66
2,6,Loudness,0.52
2,7,Loudness,0.82
2,8,Loudness,0.50
2,9,Loudness,0.24
2,10,Loudness,0.37
2,11,Loudness,0.48
2,12,Loudness,0.63
2,13,Loudness,0.69
2,14,Loudness,0.61
2,15,Loudness,0.60
3,4,Loudness,0.56
3,5,Loudness,0.71
3,6,Loudness,0.82
3,7,Loudness,0.50
3,8,Loudness,0.74
3,9,Loudness,0.38
3,10,Loudness,0.60
3,11,Loudness,0.71
3,12,Loudness,0.75
3,13,Loudness,0.63
3,14,Loudness,0.74
3,15,Loudness,0.66
4,5,Loudness,0.48
4,6,Loudness,0.60
4,7,Loudness,0.31
4,8,Loudness,0.62
4,9,Loudness,0.56
4,10,Loudness,0.76
4,11,Loudness,0.68
4,12,Loudness,0.51
4,13,Loudness,0.41
4,14,Loudness,0.50
4,15,Loudness,0.44
5,6,Loudness,0.75
5,7,Loudness,0.64
5,8,Loudness,0.67
5,9,Loudness,0.36
5,10,Loudness,0.54
5,11,Loudness,0.65
5,12,Loudness,0.87
5,13,Loudness,0.76
5,14,Loudness,0.88
5,15,Loudness,0.78
6,7,Loudness,0.53
6,8,Loudness,0.80
6,9,Loudness,0.41
6,10,Loudness,0.65
6,11,Loudness,0.76
6,12,Loudness,0.77
6,13,Loudness,0.65
6,14,Loudness,0.78
6,15,Loudness,0.68
7,8,Loudness,0.49
7,9,Loudness,0.25
7,10,Loudness,0.38
7,11,Loudness,0.46
7,12,Loudness,0.61
7,13,Loudness,0.67
7,14,Loudness,0.60
7,15,Loudness,0.59
8,9,Loudness,0.44
8,10,Loudness,0.69
8,11,Loudness,0.79
8,12,Loudness,0.70
8,13,Loudness,0.60
8,14,Loudness,0.68
8,15,Loudness,0.62
9,10,Loudness,0.49
9,11,Loudness,0.46
9,12,Loudness,0.36
9,13,Loudness,0.29
9,14,Loudness,0.36
9,15,Loudness,0.32
10,11,Loudness,0.76
10,12,Loudness,0.57
10,13,Loudness,0.47
10,14,Loudness,0.56
10,15,Loudness,0.50
11,12,Loudness,0.67
11,13,Loudness,0.59
11,14,Loudness,0.67
11,15,Loudness,0.61
12,13,Loudness,0.76
12,14,Loudness,0.89
12,15,Loudness,0.78
13,14,Loudness,0.75
13,15,Loudness,0.80
14,15,Loudness,0.80
0,1,Mode,0.55
0,2,Mode,0.31
0,3,Mode,0.66
0,4,Mode,0.45
0,5,Mode,0.66
0,6,Mode,0.57
0,7,Mode,0.44
0,8,Mode,0.51
0,9,Mode,0.30
0,10,Mode,0.44
0,11,Mode,0.49
0,12,Mode,0.58
0,13,Mode,0.58
0,14,Mode,0.55
0,15,Mode,0.54
1,2,Mode,0.29
1,3,Mode,0.64
1,4,Mode,0.51
1,5,Mode,0.52
1,6,Mode,0.60
1,7,Mode,0.43
1,8,Mode,0.57
1,9,Mode,0.38
1,10,Mode,0.51
1,11,Mode,0.52
1,12,Mode,0.51
1,13,Mode,0.46
1,14,Mode,0.46
1,15,Mode,0.41
2,3,Mode,0.35
2,4,Mode,0.19
2,5,Mode,0.39
2,6,Mode,0.30
2,7,Mode,0.52
2,8,Mode,0.28
2,9,Mode,0.14
2,10,Mode,0.23
2,11,Mode,0.26
2,12,Mode,0.30
2,13,Mode,0.38
2,14,Mode,0.34
2,15,Mode,0.32
3,4,Mode,0.51
3,5,Mode,0.64
3,6,Mode,0.64
3,7,Mode,0.48
3,8,Mode,0.59
3,9,Mode,0.33
3,10,Mode,0.46
3,11,Mode,0.48
3,12,Mode,0.58
3,13,Mode,0.54
3,14,Mode,0.56
3,15,Mode,0.55
4,5,Mode,0.44
4,6,Mode,0.49
4,7,Mode,0.28
4,8,Mode,0.52
4,9,Mode,0.56
4,10,Mode,0.59
4,11,Mode,0.50
4,12,Mode,0.41
4,13,Mode,0.37
4,14,Mode,0.38
4,15,Mode,0.39
5,6,Mode,0.58
5,7,Mode,0.50
5,8,Mode,0.49
5,9,Mode,0.27
5,10,Mode,0.42
5,11,Mode,0.48
5,12,Mode,0.62
5,13,Mode,0.67
5,14,Mode,0.60
5,15,Mode,0.62
6,7,Mode,0.43
6,8,Mode,0.54
6,9,Mode,0.33
6,10,Mode,0.49
6,11,Mode,0.49
6,12,Mode,0.53
6,13,Mode,0.49
6,14,Mode,0.53
6,15,Mode,0.53
7,8,Mode,0.35
7,9,Mode,0.20
7,10,Mode,0.32
7,11,Mode,0.35
7,12,Mode,0.43
7,13,Mode,0.52
7,14,Mode,0.51
7,15,Mode,0.47
8,9,Mode,0.34
8,10,Mode,0.47
8,11,Mode,0.53
8,12,Mode,0.43
8,13,Mode,0.44
8,14,Mode,0.47
8,15,Mode,0.39
9,10,Mode,0.44
9,11,Mode,0.33
9,12,Mode,0.28
9,13,Mode,0.24
9,14,Mode,0.25
9,15,Mode,0.25
10,11,Mode,0.50
10,12,Mode,0.40
10,13,Mode,0.38
10,14,Mode,0.39
10,15,Mode,0.36
11,12,Mode,0.34
11,13,Mode,0.38
11,14,Mode,0.40
11,15,Mode,0.39
12,13,Mode,0.58
12,14,Mode,0.54
12,15,Mode,0.55
13,14,Mode,0.53
13,15,Mode,0.62
14,15,Mode,0.49
0,1,Speechiness,0.47
0,2,Speechiness,0.35
0,3,Speechiness,0.47
0,4,Speechiness,0.30
0,5,Speechiness,0.46
0,6,Speechiness,0.49
0,7,Speechiness,0.35
0,8,Speechiness,0.39
0,9,Speechiness,0.25
0,10,Speechiness,0.40
0,11,Speechiness,0.41
0,12,Speechiness,0.48
0,13,Speechiness,0.46
0,14,Speechiness,0.47
0,15,Speechiness,0.50
1,2,Speechiness,0.36
1,3,Speechiness,0.44
1,4,Speechiness,0.38
1,5,Speechiness,0.43
1,6,Speechiness,0.49
1,7,Speechiness,0.31
1,8,Speechiness,0.50
1,9,Speechiness,0.25
1,10,Speechiness,0.44
1,11,Speechiness,0.45
1,12,Speechiness,0.43
1,13,Speechiness,0.42
1,14,Speechiness,0.48
1,15,Speechiness,0.41
2,3,Speechiness,0.33
2,4,Speechiness,0.22
2,5,Speechiness,0.37
2,6,Speechiness,0.37
2,7,Speechiness,0.59
2,8,Speechiness,0.23
2,9,Speechiness,0.16
2,10,Speechiness,0.30
2,11,Speechiness,0.29
2,12,Speechiness,0.47
2,13,Speechiness,0.50
2,14,Speechiness,0.39
2,15,Speechiness,0.40
3,4,Speechiness,0.31
3,5,Speechiness,0.42
3,6,Speechiness,0.49
3,7,Speechiness,0.37
3,8,Speechiness,0.41
3,9,Speechiness,0.25
3,10,Speechiness,0.43
3,11,Speechiness,0.38
3,12,Speechiness,0.42
3,13,Speechiness,0.41
3,14,Speechiness,0.55
3,15,Speechiness,0.42
4,5,Speechiness,0.28
4,6,Speechiness,0.37
4,7,Speechiness,0.21
4,8,Speechiness,0.40
4,9,Speechiness,0.36
4,10,Speechiness,0.43
4,11,Speechiness,0.41
4,12,Speechiness,0.33
4,13,Speechiness,0.28
4,14,Speechiness,0.32
4,15,Speechiness,0.29
5,6,Speechiness,0.43
5,7,Speechiness,0.35
5,8,Speechiness,0.30
5,9,Speechiness,0.23
5,10,Speechiness,0.40
5,11,Speechiness,0.41
5,12,Speechiness,0.52
5,13,Speechiness,0.52
5,14,Speechiness,0.53
5,15,Speechiness,0.54
6,7,Speechiness,0.45
6,8,Speechiness,0.47
6,9,Speechiness,0.27
6,10,Speechiness,0.43
6,11,Speechiness,0.44
6,12,Speechiness,0.46
6,13,Speechiness,0.41
6,14,Speechiness,0.47
6,15,Speechiness,0.42
7,8,Speechiness,0.24
7,9,Speechiness,0.18
7,10,Speechiness,0.28
7,11,Speechiness,0.29
7,12,Speechiness,0.46
7,13,Speechiness,0.54
7,14,Speechiness,0.39
7,15,Speechiness,0.43
8,9,Speechiness,0.27
8,10,Speechiness,0.47
8,11,Speechiness,0.51
8,12,Speechiness,0.33
8,13,Speechiness,0.31
8,14,Speechiness,0.33
8,15,Speechiness,0.29
9,10,Speechiness,0.32
9,11,Speechiness,0.31
9,12,Speechiness,0.26
9,13,Speechiness,0.20
9,14,Speechiness,0.25
9,15,Speechiness,0.20
10,11,Speechiness,0.48
10,12,Speechiness,0.37
10,13,Speechiness,0.38
10,14,Speechiness,0.40
10,15,Speechiness,0.36
11,12,Speechiness,0.39
11,13,Speechiness,0.38
11,14,Speechiness,0.41
11,15,Speechiness,0.37
12,13,Speechiness,0.53
12,14,Speechiness,0.58
12,15,Speechiness,0.48
13,14,Speechiness,0.55
13,15,Speechiness,0.62
14,15,Speechiness,0.51
0,1,Acousticness,0.37
0,2,Acousticness,0.20
0,3,Acousticness,0.35
0,4,Acousticness,0.23
0,5,Acousticness,0.39
0,6,Acousticness,0.26
0,7,Acousticness,0.22
0,8,Acousticness,0.32
0,9,Acousticness,0.15
0,10,Acousticness,0.26
0,11,Acousticness,0.35
0,12,Acousticness,0.24
0,13,Acousticness,0.26
0,14,Acousticness,0.28
0,15,Acousticness,0.26
1,2,Acousticness,0.39
1,3,Acousticness,0.46
1,4,Acousticness,0.35
1,5,Acousticness,0.47
1,6,Acousticness,0.41
1,7,Acousticness,0.22
1,8,Acousticness,0.42
1,9,Acousticness,0.22
1,10,Acousticness,0.37
1,11,Acousticness,0.54
1,12,Acousticness,0.35
1,13,Acousticness,0.35
1,14,Acousticness,0.32
1,15,Acousticness,0.31
2,3,Acousticness,0.39
2,4,Acousticness,0.18
2,5,Acousticness,0.46
2,6,Acousticness,0.31
2,7,Acousticness,0.42
2,8,Acousticness,0.28
2,9,Acousticness,0.12
2,10,Acousticness,0.16
2,11,Acousticness,0.38
2,12,Acousticness,0.41
2,13,Acousticness,0.36
2,14,Acousticness,0.28
2,15,Acousticness,0.34
3,4,Acousticness,0.28
3,5,Acousticness,0.38
3,6,Acousticness,0.39
3,7,Acousticness,0.27
3,8,Acousticness,0.37
3,9,Acousticness,0.19
3,10,Acousticness,0.26
3,11,Acousticness,0.53
3,12,Acousticness,0.36
3,13,Acousticness,0.35
3,14,Acousticness,0.29
3,15,Acousticness,0.30
4,5,Acousticness,0.24
4,6,Acousticness,0.27
4,7,Acousticness,0.14
4,8,Acousticness,0.28
4,9,Acousticness,0.27
4,10,Acousticness,0.39
4,11,Acousticness,0.35
4,12,Acousticness,0.23
4,13,Acousticness,0.20
4,14,Acousticness,0.18
4,15,Acousticness,0.23
5,6,Acousticness,0.35
5,7,Acousticness,0.39
5,8,Acousticness,0.33
5,9,Acousticness,0.18
5,10,Acousticness,0.26
5,11,Acousticness,0.44
5,12,Acousticness,0.42
5,13,Acousticness,0.45
5,14,Acousticness,0.41
5,15,Acousticness,0.43
6,7,Acousticness,0.21
6,8,Acousticness,0.33
6,9,Acousticness,0.20
6,10,Acousticness,0.26
6,11,Acousticness,0.48
6,12,Acousticness,0.31
6,13,Acousticness,0.26
6,14,Acousticness,0.25
6,15,Acousticness,0.27
7,8,Acousticness,0.23
7,9,Acousticness,0.12
7,10,Acousticness,0.18
7,11,Acousticness,0.26
7,12,Acousticness,0.25
7,13,Acousticness,0.41
7,14,Acousticness,0.20
7,15,Acousticness,0.31
8,9,Acousticness,0.25
8,10,Acousticness,0.30
8,11,Acousticness,0.43
8,12,Acousticness,0.29
8,13,Acousticness,0.27
8,14,Acousticness,0.36
8,15,Acousticness,0.24
9,10,Acousticness,0.22
9,11,Acousticness,0.25
9,12,Acousticness,0.13
9,13,Acousticness,0.15
9,14,Acousticness,0.18
9,15,Acousticness,0.16
10,11,Acousticness,0.42
10,12,Acousticness,0.24
10,13,Acousticness,0.20
10,14,Acousticness,0.23
10,15,Acousticness,0.25
11,12,Acousticness,0.41
11,13,Acousticness,0.34
11,14,Acousticness,0.33
11,15,Acousticness,0.32
12,13,Acousticness,0.37
12,14,Acousticness,0.34
12,15,Acousticness,0.28
13,14,Acousticness,0.33
13,15,Acousticness,0.38
14,15,Acousticness,0.37
0,1,Instrumentalness,0.00
0,2,Instrumentalness,0.01
0,3,Instrumentalness,0.00
0,4,Instrumentalness,0.15
0,5,Instrumentalness,0.07
0,6,Instrumentalness,0.00
0,7,Instrumentalness,0.00
0,8,Instrumentalness,0.02
0,9,Instrumentalness,0.01
0,10,Instrumentalness,0.00
0,11,Instrumentalness,0.27
0,12,Instrumentalness,0.00
0,13,Instrumentalness,0.02
0,14,Instrumentalness,0.01
0,15,Instrumentalness,0.00
1,2,Instrumentalness,0.03
1,3,Instrumentalness,0.13
1,4,Instrumentalness,0.02
1,5,Instrumentalness,0.04
1,6,Instrumentalness,0.00
1,7,Instrumentalness,0.01
1,8,Instrumentalness,0.05
1,9,Instrumentalness,0.00
1,10,Instrumentalness,0.03
1,11,Instrumentalness,0.03
1,12,Instrumentalness,0.00
1,13,Instrumentalness,0.01
1,14,Instrumentalness,0.08
1,15,Instrumentalness,0.17
2,3,Instrumentalness,0.01
2,4,Instrumentalness,0.00
2,5,Instrumentalness,0.38
2,6,Instrumentalness,0.00
2,7,Instrumentalness,0.01
2,8,Instrumentalness,0.05
2,9,Instrumentalness,0.04
2,10,Instrumentalness,0.00
2,11,Instrumentalness,0.01
2,12,Instrumentalness,0.00
2,13,Instrumentalness,0.01
2,14,Instrumentalness,0.00
2,15,Instrumentalness,0.03
3,4,Instrumentalness,0.09
3,5,Instrumentalness,0.19
3,6,Instrumentalness,0.00
3,7,Instrumentalness,0.00
3,8,Instrumentalness,0.00
3,9,Instrumentalness,0.03
3,10,Instrumentalness,0.00
3,11,Instrumentalness,0.01
3,12,Instrumentalness,0.00
3,13,Instrumentalness,0.00
3,14,Instrumentalness,0.00
3,15,Instrumentalness,0.01
4,5,Instrumentalness,0.00
4,6,Instrumentalness,0.03
4,7,Instrumentalness,0.00
4,8,Instrumentalness,0.07
4,9,Instrumentalness,0.00
4,10,Instrumentalness,0.03
4,11,Instrumentalness,0.04
4,12,Instrumentalness,0.02
4,13,Instrumentalness,0.01
4,14,Instrumentalness,0.07
4,15,Instrumentalness,0.00
5,6,Instrumentalness,0.00
5,7,Instrumentalness,0.00
5,8,Instrumentalness,0.01
5,9,Instrumentalness,0.09
5,10,Instrumentalness,0.00
5,11,Instrumentalness,0.00
5,12,Instrumentalness,0.00
5,13,Instrumentalness,0.05
5,14,Instrumentalness,0.02
5,15,Instrumentalness,0.08
6,7,Instrumentalness,0.00
6,8,Instrumentalness,0.03
6,9,Instrumentalness,0.00
6,10,Instrumentalness,0.00
6,11,Instrumentalness,0.01
6,12,Instrumentalness,0.01
6,13,Instrumentalness,0.00
6,14,Instrumentalness,0.00
6,15,Instrumentalness,0.00
7,8,Instrumentalness,0.00
7,9,Instrumentalness,0.00
7,10,Instrumentalness,0.00
7,11,Instrumentalness,0.00
7,12,Instrumentalness,0.00
7,13,Instrumentalness,0.00
7,14,Instrumentalness,0.00
7,15,Instrumentalness,0.00
8,9,Instrumentalness,0.08
8,10,Instrumentalness,0.02
8,11,Instrumentalness,0.02
8,12,Instrumentalness,0.00
8,13,Instrumentalness,0.00
8,14,Instrumentalness,0.00
8,15,Instrumentalness,0.00
9,10,Instrumentalness,0.00
9,11,Instrumentalness,0.00
9,12,Instrumentalness,0.01
9,13,Instrumentalness,0.00
9,14,Instrumentalness,0.00
9,15,Instrumentalness,0.00
10,11,Instrumentalness,0.01
10,12,Instrumentalness,0.00
10,13,Instrumentalness,0.00
10,14,Instrumentalness,0.00
10,15,Instrumentalness,0.00
11,12,Instrumentalness,0.00
11,13,Instrumentalness,0.00
11,14,Instrumentalness,0.00
11,15,Instrumentalness,0.00
12,13,Instrumentalness,0.22
12,14,Instrumentalness,0.00
12,15,Instrumentalness,0.00
13,14,Instrumentalness,0.00
13,15,Instrumentalness,0.01
14,15,Instrumentalness,0.00
0,1,Liveness,0.55
0,2,Liveness,0.42
0,3,Liveness,0.59
0,4,Liveness,0.38
0,5,Liveness,0.55
0,6,Liveness,0.55
0,7,Liveness,0.39
0,8,Liveness,0.57
0,9,Liveness,0.30
0,10,Liveness,0.46
0,11,Liveness,0.48
0,12,Liveness,0.58
0,13,Liveness,0.51
0,14,Liveness,0.57
0,15,Liveness,0.53
1,2,Liveness,0.43
1,3,Liveness,0.53
1,4,Liveness,0.43
1,5,Liveness,0.49
1,6,Liveness,0.59
1,7,Liveness,0.39
1,8,Liveness,0.59
1,9,Liveness,0.32
1,10,Liveness,0.51
1,11,Liveness,0.53
1,12,Liveness,0.53
1,13,Liveness,0.45
1,14,Liveness,0.50
1,15,Liveness,0.46
2,3,Liveness,0.36
2,4,Liveness,0.28
2,5,Liveness,0.45
2,6,Liveness,0.37
2,7,Liveness,0.60
2,8,Liveness,0.33
2,9,Liveness,0.20
2,10,Liveness,0.32
2,11,Liveness,0.34
2,12,Liveness,0.43
2,13,Liveness,0.52
2,14,Liveness,0.48
2,15,Liveness,0.54
3,4,Liveness,0.38
3,5,Liveness,0.54
3,6,Liveness,0.53
3,7,Liveness,0.34
3,8,Liveness,0.50
3,9,Liveness,0.29
3,10,Liveness,0.47
3,11,Liveness,0.46
3,12,Liveness,0.53
3,13,Liveness,0.46
3,14,Liveness,0.54
3,15,Liveness,0.47
4,5,Liveness,0.38
4,6,Liveness,0.41
4,7,Liveness,0.23
4,8,Liveness,0.45
4,9,Liveness,0.48
4,10,Liveness,0.54
4,11,Liveness,0.48
4,12,Liveness,0.37
4,13,Liveness,0.30
4,14,Liveness,0.37
4,15,Liveness,0.34
5,6,Liveness,0.51
5,7,Liveness,0.52
5,8,Liveness,0.45
5,9,Liveness,0.27
5,10,Liveness,0.41
5,11,Liveness,0.41
5,12,Liveness,0.62
5,13,Liveness,0.58
5,14,Liveness,0.64
5,15,Liveness,0.55
6,7,Liveness,0.35
6,8,Liveness,0.58
6,9,Liveness,0.30
6,10,Liveness,0.49
6,11,Liveness,0.54
6,12,Liveness,0.58
6,13,Liveness,0.44
6,14,Liveness,0.53
6,15,Liveness,0.51
7,8,Liveness,0.32
7,9,Liveness,0.19
7,10,Liveness,0.34
7,11,Liveness,0.29
7,12,Liveness,0.44
7,13,Liveness,0.53
7,14,Liveness,0.45
7,15,Liveness,0.54
8,9,Liveness,0.36
8,10,Liveness,0.58
8,11,Liveness,0.57
8,12,Liveness,0.49
8,13,Liveness,0.41
8,14,Liveness,0.44
8,15,Liveness,0.41
9,10,Liveness,0.43
9,11,Liveness,0.34
9,12,Liveness,0.29
9,13,Liveness,0.23
9,14,Liveness,0.27
9,15,Liveness,0.28
10,11,Liveness,0.53
10,12,Liveness,0.45
10,13,Liveness,0.36
10,14,Liveness,0.42
10,15,Liveness,0.42
11,12,Liveness,0.45
11,13,Liveness,0.38
11,14,Liveness,0.47
11,15,Liveness,0.43
12,13,Liveness,0.56
12,14,Liveness,0.62
12,15,Liveness,0.58
13,14,Liveness,0.57
13,15,Liveness,0.59
14,15,Liveness,0.53
0,1,Valence,0.71
0,2,Valence,0.59
0,3,Valence,0.84
0,4,Valence,0.54
0,5,Valence,0.78
0,6,Valence,0.84
0,7,Valence,0.59
0,8,Valence,0.76
0,9,Valence,0.41
0,10,Valence,0.66
0,11,Valence,0.66
0,12,Valence,0.83
0,13,Valence,0.74
0,14,Valence,0.84
0,15,Valence,0.75
1,2,Valence,0.46
1,3,Valence,0.71
1,4,Valence,0.55
1,5,Valence,0.60
1,6,Valence,0.75
1,7,Valence,0.49
1,8,Valence,0.77
1,9,Valence,0.42
1,10,Valence,0.66
1,11,Valence,0.66
1,12,Valence,0.64
1,13,Valence,0.59
1,14,Valence,0.64
1,15,Valence,0.58
2,3,Valence,0.50
2,4,Valence,0.36
2,5,Valence,0.54
2,6,Valence,0.53
2,7,Valence,0.86
2,8,Valence,0.48
2,9,Valence,0.26
2,10,Valence,0.42
2,11,Valence,0.40
2,12,Valence,0.61
2,13,Valence,0.70
2,14,Valence,0.62
2,15,Valence,0.69
3,4,Valence,0.53
3,5,Valence,0.71
3,6,Valence,0.84
3,7,Valence,0.49
3,8,Valence,0.74
3,9,Valence,0.41
3,10,Valence,0.66
3,11,Valence,0.67
3,12,Valence,0.75
3,13,Valence,0.67
3,14,Valence,0.74
3,15,Valence,0.68
4,5,Valence,0.47
4,6,Valence,0.56
4,7,Valence,0.36
4,8,Valence,0.60
4,9,Valence,0.65
4,10,Valence,0.75
4,11,Valence,0.64
4,12,Valence,0.50
4,13,Valence,0.44
4,14,Valence,0.50
4,15,Valence,0.46
5,6,Valence,0.74
5,7,Valence,0.54
5,8,Valence,0.65
5,9,Valence,0.35
5,10,Valence,0.57
5,11,Valence,0.56
5,12,Valence,0.83
5,13,Valence,0.73
5,14,Valence,0.83
5,15,Valence,0.77
6,7,Valence,0.52
6,8,Valence,0.78
6,9,Valence,0.43
6,10,Valence,0.69
6,11,Valence,0.69
6,12,Valence,0.79
6,13,Valence,0.71
6,14,Valence,0.80
6,15,Valence,0.70
7,8,Valence,0.47
7,9,Valence,0.27
7,10,Valence,0.43
7,11,Valence,0.41
7,12,Valence,0.61
7,13,Valence,0.70
7,14,Valence,0.64
7,15,Valence,0.70
8,9,Valence,0.47
8,10,Valence,0.73
8,11,Valence,0.74
8,12,Valence,0.69
8,13,Valence,0.62
8,14,Valence,0.69
8,15,Valence,0.62
9,10,Valence,0.57
9,11,Valence,0.48
9,12,Valence,0.37
9,13,Valence,0.34
9,14,Valence,0.38
9,15,Valence,0.35
10,11,Valence,0.76
10,12,Valence,0.60
10,13,Valence,0.54
10,14,Valence,0.61
10,15,Valence,0.55
11,12,Valence,0.60
11,13,Valence,0.51
11,14,Valence,0.60
11,15,Valence,0.51
12,13,Valence,0.77
12,14,Valence,0.88
12,15,Valence,0.79
13,14,Valence,0.80
13,15,Valence,0.86
14,15,Valence,0.81
0,1,Tempo,0.81
0,2,Tempo,0.60
0,3,Tempo,0.91
0,4,Tempo,0.60
0,5,Tempo,0.88
0,6,Tempo,0.88
0,7,Tempo,0.59
0,8,Tempo,0.80
0,9,Tempo,0.44
0,10,Tempo,0.70
0,11,Tempo,0.75
0,12,Tempo,0.89
0,13,Tempo,0.77
0,14,Tempo,0.89
0,15,Tempo,0.81
1,2,Tempo,0.58
1,3,Tempo,0.84
1,4,Tempo,0.67
1,5,Tempo,0.75
1,6,Tempo,0.87
1,7,Tempo,0.57
1,8,Tempo,0.89
1,9,Tempo,0.49
1,10,Tempo,0.77
1,11,Tempo,0.83
1,12,Tempo,0.76
1,13,Tempo,0.68
1,14,Tempo,0.76
1,15,Tempo,0.69
2,3,Tempo,0.61
2,4,Tempo,0.41
2,5,Tempo,0.66
2,6,Tempo,0.56
2,7,Tempo,0.91
2,8,Tempo,0.51
2,9,Tempo,0.29
2,10,Tempo,0.45
2,11,Tempo,0.49
2,12,Tempo,0.66
2,13,Tempo,0.76
2,14,Tempo,0.67
2,15,Tempo,0.73
3,4,Tempo,0.63
3,5,Tempo,0.84
3,6,Tempo,0.91
3,7,Tempo,0.60
3,8,Tempo,0.84
3,9,Tempo,0.46
3,10,Tempo,0.72
3,11,Tempo,0.78
3,12,Tempo,0.86
3,13,Tempo,0.76
3,14,Tempo,0.86
3,15,Tempo,0.79
4,5,Tempo,0.56
4,6,Tempo,0.66
4,7,Tempo,0.40
4,8,Tempo,0.72
4,9,Tempo,0.71
4,10,Tempo,0.84
4,11,Tempo,0.77
4,12,Tempo,0.57
4,13,Tempo,0.50
4,14,Tempo,0.57
4,15,Tempo,0.52
5,6,Tempo,0.81
5,7,Tempo,0.65
5,8,Tempo,0.74
5,9,Tempo,0.41
5,10,Tempo,0.65
5,11,Tempo,0.69
5,12,Tempo,0.94
5,13,Tempo,0.85
5,14,Tempo,0.95
5,15,Tempo,0.88
6,7,Tempo,0.55
6,8,Tempo,0.87
6,9,Tempo,0.48
6,10,Tempo,0.75
6,11,Tempo,0.81
6,12,Tempo,0.82
6,13,Tempo,0.71
6,14,Tempo,0.82
6,15,Tempo,0.74
7,8,Tempo,0.50
7,9,Tempo,0.28
7,10,Tempo,0.44
7,11,Tempo,0.48
7,12,Tempo,0.65
7,13,Tempo,0.74
7,14,Tempo,0.66
7,15,Tempo,0.71
8,9,Tempo,0.53
8,10,Tempo,0.82
8,11,Tempo,0.88
8,12,Tempo,0.75
8,13,Tempo,0.65
8,14,Tempo,0.75
8,15,Tempo,0.68
9,10,Tempo,0.62
9,11,Tempo,0.56
9,12,Tempo,0.42
9,13,Tempo,0.36
9,14,Tempo,0.42
9,15,Tempo,0.37
10,11,Tempo,0.87
10,12,Tempo,0.66
10,13,Tempo,0.58
10,14,Tempo,0.66
10,15,Tempo,0.60
11,12,Tempo,0.70
11,13,Tempo,0.60
11,14,Tempo,0.71
11,15,Tempo,0.64
12,13,Tempo,0.84
12,14,Tempo,0.96
12,15,Tempo,0.86
13,14,Tempo,0.84
13,15,Tempo,0.91
14,15,Tempo,0.88
0,1,Time Signature,0.85
0,2,Time Signature,0.65
0,3,Time Signature,0.96
0,4,Time Signature,0.64
0,5,Time Signature,0.92
0,6,Time Signature,0.92
0,7,Time Signature,0.63
0,8,Time Signature,0.85
0,9,Time Signature,0.47
0,10,Time Signature,0.73
0,11,Time Signature,0.79
0,12,Time Signature,0.93
0,13,Time Signature,0.81
0,14,Time Signature,0.93
0,15,Time Signature,0.85
1,2,Time Signature,0.59
1,3,Time Signature,0.89
1,4,Time Signature,0.70
1,5,Time Signature,0.78
1,6,Time Signature,0.92
1,7,Time Signature,0.57
1,8,Time Signature,0.92
1,9,Time Signature,0.52
1,10,Time Signature,0.80
1,11,Time Signature,0.87
1,12,Time Signature,0.79
1,13,Time Signature,0.70
1,14,Time Signature,0.79
1,15,Time Signature,0.72
2,3,Time Signature,0.62
2,4,Time Signature,0.41
2,5,Time Signature,0.70
2,6,Time Signature,0.60
2,7,Time Signature,0.95
2,8,Time Signature,0.55
2,9,Time Signature,0.31
2,10,Time Signature,0.47
2,11,Time Signature,0.52
2,12,Time Signature,0.70
2,13,Time Signature,0.80
2,14,Time Signature,0.70
2,15,Time Signature,0.76
3,4,Time Signature,0.66
3,5,Time Signature,0.87
3,6,Time Signature,0.96
3,7,Time Signature,0.61
3,8,Time Signature,0.88
3,9,Time Signature,0.49
3,10,Time Signature,0.76
3,11,Time Signature,0.82
3,12,Time Signature,0.89
3,13,Time Signature,0.78
3,14,Time Signature,0.88
3,15,Time Signature,0.81
4,5,Time Signature,0.58
4,6,Time Signature,0.69
4,7,Time Signature,0.41
4,8,Time Signature,0.75
4,9,Time Signature,0.74
4,10,Time Signature,0.87
4,11,Time Signature,0.79
4,12,Time Signature,0.59
4,13,Time Signature,0.52
4,14,Time Signature,0.59
4,15,Time Signature,0.54
5,6,Time Signature,0.85
5,7,Time Signature,0.68
5,8,Time Signature,0.77
5,9,Time Signature,0.43
5,10,Time Signature,0.67
5,11,Time Signature,0.72
5,12,Time Signature,0.98
5,13,Time Signature,0.88
5,14,Time Signature,0.99
5,15,Time Signature,0.92
6,7,Time Signature,0.59
6,8,Time Signature,0.91
6,9,Time Signature,0.51
6,10,Time Signature,0.79
6,11,Time Signature,0.85
6,12,Time Signature,0.86
6,13,Time Signature,0.75
6,14,Time Signature,0.86
6,15,Time Signature,0.78
7,8,Time Signature,0.54
7,9,Time Signature,0.30
7,10,Time Signature,0.46
7,11,Time Signature,0.50
7,12,Time Signature,0.68
7,13,Time Signature,0.78
7,14,Time Signature,0.68
7,15,Time Signature,0.75
8,9,Time Signature,0.56
8,10,Time Signature,0.86
8,11,Time Signature,0.93
8,12,Time Signature,0.79
8,13,Time Signature,0.69
8,14,Time Signature,0.78
8,15,Time Signature,0.72
9,10,Time Signature,0.65
9,11,Time Signature,0.59
9,12,Time Signature,0.44
9,13,Time Signature,0.38
9,14,Time Signature,0.44
9,15,Time Signature,0.40
10,11,Time Signature,0.91
10,12,Time Signature,0.68
10,13,Time Signature,0.59
10,14,Time Signature,0.68
10,15,Time Signature,0.62
11,12,Time Signature,0.74
11,13,Time Signature,0.64
11,14,Time Signature,0.73
11,15,Time Signature,0.67
12,13,Time Signature,0.87
12,14,Time Signature,1.00
12,15,Time Signature,0.91
13,14,Time Signature,0.87
13,15,Time Signature,0.95
14,15,Time Signature,0.91
